"epid","site_id","measure_ID","GLZ_class","epid_assigned","region","n_lepi","n_plant","n_red_list_lepi_pa","n_red_list_plant_pa","av_reg_dist_lepi_pa","av_reg_dist_plant_pa","sum_troph_int_pa","n_unique_int_pa","connectance_pa","z_score_nest_pa","sum_crops_pa","n_crop_pests_pa","SizeManagementUnit_ha","Slope","GLZ","OC_ha","OC_0.25ha","P_ha","id"
"SEG01","SEG1",16,3,"SEG42","SCH",0.75,0.615384615,NA,NA,0.373626374,0.356136821,0.642857143,0,0.614420063,0.390824984,1,0,23,0.42,45,301.81,75.45,776.11,47
"SEG01","SEG1",4,3,"SEG28","SCH",1,0.461538462,NA,NA,0.573033708,0.269406393,0.404761905,1,0.32183908,0.440191246,0.464285714,1,23,0.42,45,471.93,117.98,605.99,47
"SEG01","SEG1",9,3,"SEG48","SCH",0.5,0.615384615,NA,NA,0.277173913,0.545131485,0.428571429,0,0.576802508,0.419936939,0.357142857,0.5,23,0.42,45,972.05,243.01,105.87,47
"SEG01","SEG1",10,3,"SEG38","SCH",0.875,0.692307692,NA,NA,0.373626374,0.269406393,0.714285714,0,0.530172414,1,0.428571429,0.5,23,0.42,45,321.06,80.27,756.86,47
"SEG01","SEG1",11,3,"SEG21","SCH",0.375,0.384615385,NA,NA,1,0.545131485,0.285714286,0,0.702586207,0,0.071428571,1,23,0.42,45,321.06,80.27,756.86,47
"SEG01","SEG1",13,3,"SEG49","SCH",0.5,0.692307692,NA,NA,1,0.495798319,0.619047619,0,0.793103448,0.372971036,0.357142857,0.5,23,0.42,45,734.49,183.62,343.43,47
"SEG01","SEG1",14,3,"SEG40","SCH",0.375,1,NA,NA,0.182795699,0.758125472,0.595238095,0,0.702586207,0.546630949,0.071428571,1,23,0.42,45,581.17,145.29,496.75,47
"SEG01","SEG1",15,3,"SEG36","SCH",1,0.538461538,NA,NA,0.472222222,0.312169312,0.69047619,0,0.551724138,0.769957214,0.75,0.5,23,0.42,45,321.06,80.27,756.86,47
"SEG01","SEG1",12,3,"SEG37","SCH",0.625,0.923076923,NA,NA,0.277173913,0.545131485,1,0,0.850574713,0.760381053,0.714285714,0.5,23,0.42,45,813.41,203.35,264.51,47
"SEG01","SEG1",5,3,"SEG26","SCH",0.625,0.538461538,NA,NA,0.676136364,0.312169312,0.285714286,1,0.310344828,0.519362845,0.464285714,1,23,0.42,45,478.86,119.72,599.06,47
"SEG01","SEG1",6,3,"SEG15","SCH",0.625,0.461538462,NA,NA,0.573033708,0.269406393,0.142857143,1,0.130268199,0.332717589,0.464285714,1,23,0.42,45,415.85,103.96,662.07,47
"SEG01","SEG1",7,3,"SEG32","SCH",0.125,0.461538462,NA,NA,0.472222222,1,0.166666667,0,0.781609195,0.519370347,0,1,23,0.42,45,627.5,156.88,450.42,47
"SEG01","SEG1",8,3,"SEG17","SCH",0.5,0.538461538,NA,NA,0.277173913,0.4478951,0.238095238,0,0.317241379,0.228614564,0.714285714,0.5,23,0.42,45,995.55,248.89,82.37,47
"SEG02","SEG2",4,3,"SEG28","SCH",1,0.461538462,NA,NA,0.573033708,0.269406393,0.404761905,1,0.32183908,0.440191246,0.464285714,1,45,0.06,47,480.12,120.03,618.74,48
"SEG02","SEG2",10,3,"SEG38","SCH",0.875,0.692307692,NA,NA,0.373626374,0.269406393,0.714285714,0,0.530172414,1,0.428571429,0.5,45,0.06,47,326.36,81.59,772.5,48
"SEG02","SEG2",11,3,"SEG21","SCH",0.375,0.384615385,NA,NA,1,0.545131485,0.285714286,0,0.702586207,0,0.071428571,1,45,0.06,47,326.36,81.59,772.5,48
"SEG02","SEG2",12,3,"SEG37","SCH",0.625,0.923076923,NA,NA,0.277173913,0.545131485,1,0,0.850574713,0.760381053,0.714285714,0.5,45,0.06,47,834.35,208.59,264.51,48
"SEG02","SEG2",9,3,"SEG48","SCH",0.5,0.615384615,NA,NA,0.277173913,0.545131485,0.428571429,0,0.576802508,0.419936939,0.357142857,0.5,45,0.06,47,989.91,247.48,108.95,48
"SEG02","SEG2",14,3,"SEG40","SCH",0.375,1,NA,NA,0.182795699,0.758125472,0.595238095,0,0.702586207,0.546630949,0.071428571,1,45,0.06,47,602.11,150.53,496.75,48
"SEG02","SEG2",15,3,"SEG36","SCH",1,0.538461538,NA,NA,0.472222222,0.312169312,0.69047619,0,0.551724138,0.769957214,0.75,0.5,45,0.06,47,341.07,85.27,757.79,48
"SEG02","SEG2",16,3,"SEG42","SCH",0.75,0.615384615,NA,NA,0.373626374,0.356136821,0.642857143,0,0.614420063,0.390824984,1,0,45,0.06,47,307.11,76.78,791.75,48
"SEG02","SEG2",13,3,"SEG49","SCH",0.5,0.692307692,NA,NA,1,0.495798319,0.619047619,0,0.793103448,0.372971036,0.357142857,0.5,45,0.06,47,755.43,188.86,343.43,48
"SEG02","SEG2",5,3,"SEG26","SCH",0.625,0.538461538,NA,NA,0.676136364,0.312169312,0.285714286,1,0.310344828,0.519362845,0.464285714,1,45,0.06,47,499.8,124.95,599.06,48
"SEG02","SEG2",6,3,"SEG15","SCH",0.625,0.461538462,NA,NA,0.573033708,0.269406393,0.142857143,1,0.130268199,0.332717589,0.464285714,1,45,0.06,47,436.79,109.2,662.07,48
"SEG02","SEG2",7,3,"SEG32","SCH",0.125,0.461538462,NA,NA,0.472222222,1,0.166666667,0,0.781609195,0.519370347,0,1,45,0.06,47,648.44,162.11,450.42,48
"SEG02","SEG2",8,3,"SEG17","SCH",0.5,0.538461538,NA,NA,0.277173913,0.4478951,0.238095238,0,0.317241379,0.228614564,0.714285714,0.5,45,0.06,47,1012.45,253.11,86.41,48
"SEG03","SEG3",16,3,"SEG42","SCH",0.75,0.615384615,NA,NA,0.373626374,0.356136821,0.642857143,0,0.614420063,0.390824984,1,0,30.4,0.35,45,301.81,75.45,776.11,49
"SEG03","SEG3",9,3,"SEG48","SCH",0.5,0.615384615,NA,NA,0.277173913,0.545131485,0.428571429,0,0.576802508,0.419936939,0.357142857,0.5,30.4,0.35,45,972.05,243.01,105.87,49
"SEG03","SEG3",10,3,"SEG38","SCH",0.875,0.692307692,NA,NA,0.373626374,0.269406393,0.714285714,0,0.530172414,1,0.428571429,0.5,30.4,0.35,45,321.06,80.27,756.86,49
"SEG03","SEG3",11,3,"SEG21","SCH",0.375,0.384615385,NA,NA,1,0.545131485,0.285714286,0,0.702586207,0,0.071428571,1,30.4,0.35,45,321.06,80.27,756.86,49
"SEG03","SEG3",12,3,"SEG37","SCH",0.625,0.923076923,NA,NA,0.277173913,0.545131485,1,0,0.850574713,0.760381053,0.714285714,0.5,30.4,0.35,45,813.41,203.35,264.51,49
"SEG03","SEG3",13,3,"SEG49","SCH",0.5,0.692307692,NA,NA,1,0.495798319,0.619047619,0,0.793103448,0.372971036,0.357142857,0.5,30.4,0.35,45,734.49,183.62,343.43,49
"SEG03","SEG3",14,3,"SEG40","SCH",0.375,1,NA,NA,0.182795699,0.758125472,0.595238095,0,0.702586207,0.546630949,0.071428571,1,30.4,0.35,45,581.17,145.29,496.75,49
"SEG03","SEG3",15,3,"SEG36","SCH",1,0.538461538,NA,NA,0.472222222,0.312169312,0.69047619,0,0.551724138,0.769957214,0.75,0.5,30.4,0.35,45,321.06,80.27,756.86,49
"SEG03","SEG3",6,3,"SEG15","SCH",0.625,0.461538462,NA,NA,0.573033708,0.269406393,0.142857143,1,0.130268199,0.332717589,0.464285714,1,30.4,0.35,45,415.85,103.96,662.07,49
"SEG03","SEG3",8,3,"SEG17","SCH",0.5,0.538461538,NA,NA,0.277173913,0.4478951,0.238095238,0,0.317241379,0.228614564,0.714285714,0.5,30.4,0.35,45,995.55,248.89,82.37,49
"SEG03","SEG3",4,3,"SEG28","SCH",1,0.461538462,NA,NA,0.573033708,0.269406393,0.404761905,1,0.32183908,0.440191246,0.464285714,1,30.4,0.35,45,471.93,117.98,605.99,49
"SEG03","SEG3",5,3,"SEG26","SCH",0.625,0.538461538,NA,NA,0.676136364,0.312169312,0.285714286,1,0.310344828,0.519362845,0.464285714,1,30.4,0.35,45,478.86,119.72,599.06,49
"SEG03","SEG3",7,3,"SEG32","SCH",0.125,0.461538462,NA,NA,0.472222222,1,0.166666667,0,0.781609195,0.519370347,0,1,30.4,0.35,45,627.5,156.88,450.42,49
"SEG04","SEG4",7,1,"SEG32","SCH",0.125,0.461538462,NA,NA,0.472222222,1,0.166666667,0,0.781609195,0.519370347,0,1,71.5,0.35,24,173.33,43.33,370.24,50
"SEG04","SEG4",15,1,"SEG36","SCH",1,0.538461538,NA,NA,0.472222222,0.312169312,0.69047619,0,0.551724138,0.769957214,0.75,0.5,71.5,0.35,24,318.35,79.59,225.22,50
"SEG04","SEG4",13,1,"SEG49","SCH",0.5,0.692307692,NA,NA,1,0.495798319,0.619047619,0,0.793103448,0.372971036,0.357142857,0.5,71.5,0.35,24,318.35,79.59,225.22,50
"SEG04","SEG4",14,1,"SEG40","SCH",0.375,1,NA,NA,0.182795699,0.758125472,0.595238095,0,0.702586207,0.546630949,0.071428571,1,71.5,0.35,24,318.35,79.59,225.22,50
"SEG04","SEG4",6,1,"SEG15","SCH",0.625,0.461538462,NA,NA,0.573033708,0.269406393,0.142857143,1,0.130268199,0.332717589,0.464285714,1,71.5,0.35,24,0,0,543.57,50
"SEG04","SEG4",12,1,"SEG37","SCH",0.625,0.923076923,NA,NA,0.277173913,0.545131485,1,0,0.850574713,0.760381053,0.714285714,0.5,71.5,0.35,24,284.39,71.1,259.18,50
"SEG04","SEG4",4,1,"SEG28","SCH",1,0.461538462,NA,NA,0.573033708,0.269406393,0.404761905,1,0.32183908,0.440191246,0.464285714,1,71.5,0.35,24,294.6,73.65,248.97,50
"SEG04","SEG4",5,1,"SEG26","SCH",0.625,0.538461538,NA,NA,0.676136364,0.312169312,0.285714286,1,0.310344828,0.519362845,0.464285714,1,71.5,0.35,24,52.48,13.12,491.09,50
"SEG04","SEG4",16,1,"SEG42","SCH",0.75,0.615384615,NA,NA,0.373626374,0.356136821,0.642857143,0,0.614420063,0.390824984,1,0,71.5,0.35,24,299.1,74.77,244.47,50
"SEG05","SEG5",9,3,"SEG48","SCH",0.5,0.615384615,NA,NA,0.277173913,0.545131485,0.428571429,0,0.576802508,0.419936939,0.357142857,0.5,71.5,0.35,39,885.53,221.38,90.43,51
"SEG05","SEG5",10,3,"SEG38","SCH",0.875,0.692307692,NA,NA,0.373626374,0.269406393,0.714285714,0,0.530172414,1,0.428571429,0.5,71.5,0.35,39,297.28,74.32,678.68,51
"SEG05","SEG5",11,3,"SEG21","SCH",0.375,0.384615385,NA,NA,1,0.545131485,0.285714286,0,0.702586207,0,0.071428571,1,71.5,0.35,39,297.28,74.32,678.68,51
"SEG05","SEG5",12,3,"SEG37","SCH",0.625,0.923076923,NA,NA,0.277173913,0.545131485,1,0,0.850574713,0.760381053,0.714285714,0.5,71.5,0.35,39,711.45,177.86,264.51,51
"SEG05","SEG5",4,3,"SEG28","SCH",1,0.461538462,NA,NA,0.573033708,0.269406393,0.404761905,1,0.32183908,0.440191246,0.464285714,1,71.5,0.35,39,420.98,105.25,554.98,51
"SEG05","SEG5",14,3,"SEG40","SCH",0.375,1,NA,NA,0.182795699,0.758125472,0.595238095,0,0.702586207,0.546630949,0.071428571,1,71.5,0.35,39,479.21,119.8,496.75,51
"SEG05","SEG5",15,3,"SEG36","SCH",1,0.538461538,NA,NA,0.472222222,0.312169312,0.69047619,0,0.551724138,0.769957214,0.75,0.5,71.5,0.35,39,297.28,74.32,678.68,51
"SEG05","SEG5",16,3,"SEG42","SCH",0.75,0.615384615,NA,NA,0.373626374,0.356136821,0.642857143,0,0.614420063,0.390824984,1,0,71.5,0.35,39,278.03,69.51,697.93,51
"SEG05","SEG5",8,3,"SEG17","SCH",0.5,0.538461538,NA,NA,0.277173913,0.4478951,0.238095238,0,0.317241379,0.228614564,0.714285714,0.5,71.5,0.35,39,913.75,228.44,62.21,51
"SEG05","SEG5",5,3,"SEG26","SCH",0.625,0.538461538,NA,NA,0.676136364,0.312169312,0.285714286,1,0.310344828,0.519362845,0.464285714,1,71.5,0.35,39,428.04,107.01,547.92,51
"SEG05","SEG5",6,3,"SEG15","SCH",0.625,0.461538462,NA,NA,0.573033708,0.269406393,0.142857143,1,0.130268199,0.332717589,0.464285714,1,71.5,0.35,39,370.02,92.5,605.94,51
"SEG05","SEG5",7,3,"SEG32","SCH",0.125,0.461538462,NA,NA,0.472222222,1,0.166666667,0,0.781609195,0.519370347,0,1,71.5,0.35,39,567.98,142,407.98,51
"SEG05","SEG5",13,3,"SEG49","SCH",0.5,0.692307692,NA,NA,1,0.495798319,0.619047619,0,0.793103448,0.372971036,0.357142857,0.5,71.5,0.35,39,632.53,158.13,343.43,51
"SEG06","SEG6",9,2,"SEG48","SCH",0.5,0.615384615,NA,NA,0.277173913,0.545131485,0.428571429,0,0.576802508,0.419936939,0.357142857,0.5,28.57,0.16,33,662.29,165.57,50.31,52
"SEG06","SEG6",10,2,"SEG38","SCH",0.875,0.692307692,NA,NA,0.373626374,0.269406393,0.714285714,0,0.530172414,1,0.428571429,0.5,28.57,0.16,33,237.2,59.3,475.4,52
"SEG06","SEG6",11,2,"SEG21","SCH",0.375,0.384615385,NA,NA,1,0.545131485,0.285714286,0,0.702586207,0,0.071428571,1,28.57,0.16,33,237.2,59.3,475.4,52
"SEG06","SEG6",12,2,"SEG37","SCH",0.625,0.923076923,NA,NA,0.277173913,0.545131485,1,0,0.850574713,0.760381053,0.714285714,0.5,28.57,0.16,33,448.09,112.02,264.51,52
"SEG06","SEG6",8,2,"SEG17","SCH",0.5,0.538461538,NA,NA,0.277173913,0.4478951,0.238095238,0,0.317241379,0.228614564,0.714285714,0.5,28.57,0.16,33,702.83,175.71,9.77,52
"SEG06","SEG6",13,2,"SEG49","SCH",0.5,0.692307692,NA,NA,1,0.495798319,0.619047619,0,0.793103448,0.372971036,0.357142857,0.5,28.57,0.16,33,369.17,92.29,343.43,52
"SEG06","SEG6",14,2,"SEG40","SCH",0.375,1,NA,NA,0.182795699,0.758125472,0.595238095,0,0.702586207,0.546630949,0.071428571,1,28.57,0.16,33,237.2,59.3,475.4,52
"SEG06","SEG6",15,2,"SEG36","SCH",1,0.538461538,NA,NA,0.472222222,0.312169312,0.69047619,0,0.551724138,0.769957214,0.75,0.5,28.57,0.16,33,237.2,59.3,475.4,52
"SEG06","SEG6",16,2,"SEG42","SCH",0.75,0.615384615,NA,NA,0.373626374,0.356136821,0.642857143,0,0.614420063,0.390824984,1,0,28.57,0.16,33,217.95,54.49,494.65,52
"SEG06","SEG6",4,2,"SEG28","SCH",1,0.461538462,NA,NA,0.573033708,0.269406393,0.404761905,1,0.32183908,0.440191246,0.464285714,1,28.57,0.16,33,285.12,71.28,427.48,52
"SEG06","SEG6",5,2,"SEG26","SCH",0.625,0.538461538,NA,NA,0.676136364,0.312169312,0.285714286,1,0.310344828,0.519362845,0.464285714,1,28.57,0.16,33,284.03,71.01,428.57,52
"SEG06","SEG6",6,2,"SEG15","SCH",0.625,0.461538462,NA,NA,0.573033708,0.269406393,0.142857143,1,0.130268199,0.332717589,0.464285714,1,28.57,0.16,33,237.62,59.41,474.98,52
"SEG06","SEG6",7,2,"SEG32","SCH",0.125,0.461538462,NA,NA,0.472222222,1,0.166666667,0,0.781609195,0.519370347,0,1,28.57,0.16,33,153.67,38.42,558.93,52
"SEG08","SEG8",9,3,"SEG48","SCH",0.5,0.615384615,NA,NA,0.277173913,0.545131485,0.428571429,0,0.576802508,0.419936939,0.357142857,0.5,17.9,0.43,39,885.53,221.38,90.43,53
"SEG08","SEG8",10,3,"SEG38","SCH",0.875,0.692307692,NA,NA,0.373626374,0.269406393,0.714285714,0,0.530172414,1,0.428571429,0.5,17.9,0.43,39,297.28,74.32,678.68,53
"SEG08","SEG8",11,3,"SEG21","SCH",0.375,0.384615385,NA,NA,1,0.545131485,0.285714286,0,0.702586207,0,0.071428571,1,17.9,0.43,39,297.28,74.32,678.68,53
"SEG08","SEG8",12,3,"SEG37","SCH",0.625,0.923076923,NA,NA,0.277173913,0.545131485,1,0,0.850574713,0.760381053,0.714285714,0.5,17.9,0.43,39,711.45,177.86,264.51,53
"SEG08","SEG8",13,3,"SEG49","SCH",0.5,0.692307692,NA,NA,1,0.495798319,0.619047619,0,0.793103448,0.372971036,0.357142857,0.5,17.9,0.43,39,632.53,158.13,343.43,53
"SEG08","SEG8",14,3,"SEG40","SCH",0.375,1,NA,NA,0.182795699,0.758125472,0.595238095,0,0.702586207,0.546630949,0.071428571,1,17.9,0.43,39,479.21,119.8,496.75,53
"SEG08","SEG8",15,3,"SEG36","SCH",1,0.538461538,NA,NA,0.472222222,0.312169312,0.69047619,0,0.551724138,0.769957214,0.75,0.5,17.9,0.43,39,297.28,74.32,678.68,53
"SEG08","SEG8",16,3,"SEG42","SCH",0.75,0.615384615,NA,NA,0.373626374,0.356136821,0.642857143,0,0.614420063,0.390824984,1,0,17.9,0.43,39,278.03,69.51,697.93,53
"SEG08","SEG8",4,3,"SEG28","SCH",1,0.461538462,NA,NA,0.573033708,0.269406393,0.404761905,1,0.32183908,0.440191246,0.464285714,1,17.9,0.43,39,420.98,105.25,554.98,53
"SEG08","SEG8",5,3,"SEG26","SCH",0.625,0.538461538,NA,NA,0.676136364,0.312169312,0.285714286,1,0.310344828,0.519362845,0.464285714,1,17.9,0.43,39,428.04,107.01,547.92,53
"SEG08","SEG8",6,3,"SEG15","SCH",0.625,0.461538462,NA,NA,0.573033708,0.269406393,0.142857143,1,0.130268199,0.332717589,0.464285714,1,17.9,0.43,39,370.02,92.5,605.94,53
"SEG08","SEG8",7,3,"SEG32","SCH",0.125,0.461538462,NA,NA,0.472222222,1,0.166666667,0,0.781609195,0.519370347,0,1,17.9,0.43,39,567.98,142,407.98,53
"SEG08","SEG8",8,3,"SEG17","SCH",0.5,0.538461538,NA,NA,0.277173913,0.4478951,0.238095238,0,0.317241379,0.228614564,0.714285714,0.5,17.9,0.43,39,913.75,228.44,62.21,53
"SEG09","SEG9",9,2,"SEG48","SCH",0.5,0.615384615,NA,NA,0.277173913,0.545131485,0.428571429,0,0.576802508,0.419936939,0.357142857,0.5,42.2,0,34,710.2,177.55,59.57,54
"SEG09","SEG9",10,2,"SEG38","SCH",0.875,0.692307692,NA,NA,0.373626374,0.269406393,0.714285714,0,0.530172414,1,0.428571429,0.5,42.2,0,34,247.46,61.87,522.31,54
"SEG09","SEG9",11,2,"SEG21","SCH",0.375,0.384615385,NA,NA,1,0.545131485,0.285714286,0,0.702586207,0,0.071428571,1,42.2,0,34,247.46,61.87,522.31,54
"SEG09","SEG9",12,2,"SEG37","SCH",0.625,0.923076923,NA,NA,0.277173913,0.545131485,1,0,0.850574713,0.760381053,0.714285714,0.5,42.2,0,34,505.26,126.32,264.51,54
"SEG09","SEG9",13,2,"SEG49","SCH",0.5,0.692307692,NA,NA,1,0.495798319,0.619047619,0,0.793103448,0.372971036,0.357142857,0.5,42.2,0,34,426.34,106.58,343.43,54
"SEG09","SEG9",16,2,"SEG42","SCH",0.75,0.615384615,NA,NA,0.373626374,0.356136821,0.642857143,0,0.614420063,0.390824984,1,0,42.2,0,34,228.21,57.05,541.56,54
"SEG09","SEG9",4,2,"SEG28","SCH",1,0.461538462,NA,NA,0.573033708,0.269406393,0.404761905,1,0.32183908,0.440191246,0.464285714,1,42.2,0,34,316.8,79.2,452.97,54
"SEG09","SEG9",14,2,"SEG40","SCH",0.375,1,NA,NA,0.182795699,0.758125472,0.595238095,0,0.702586207,0.546630949,0.071428571,1,42.2,0,34,273.02,68.25,496.75,54
"SEG09","SEG9",15,2,"SEG36","SCH",1,0.538461538,NA,NA,0.472222222,0.312169312,0.69047619,0,0.551724138,0.769957214,0.75,0.5,42.2,0,34,247.46,61.87,522.31,54
"SEG09","SEG9",7,2,"SEG32","SCH",0.125,0.461538462,NA,NA,0.472222222,1,0.166666667,0,0.781609195,0.519370347,0,1,42.2,0,34,187.26,46.81,582.51,54
"SEG09","SEG9",8,2,"SEG17","SCH",0.5,0.538461538,NA,NA,0.277173913,0.4478951,0.238095238,0,0.317241379,0.228614564,0.714285714,0.5,42.2,0,34,747.9,186.98,21.87,54
"SEG09","SEG9",5,2,"SEG26","SCH",0.625,0.538461538,NA,NA,0.676136364,0.312169312,0.285714286,1,0.310344828,0.519362845,0.464285714,1,42.2,0,34,307.11,76.78,462.66,54
"SEG09","SEG9",6,2,"SEG15","SCH",0.625,0.461538462,NA,NA,0.573033708,0.269406393,0.142857143,1,0.130268199,0.332717589,0.464285714,1,42.2,0,34,257.38,64.34,512.39,54
"SEG10","SEG10",14,3,"SEG40","SCH",0.375,1,NA,NA,0.182795699,0.758125472,0.595238095,0,0.702586207,0.546630949,0.071428571,1,30.4,0.67,45,581.17,145.29,496.75,55
"SEG10","SEG10",15,3,"SEG36","SCH",1,0.538461538,NA,NA,0.472222222,0.312169312,0.69047619,0,0.551724138,0.769957214,0.75,0.5,30.4,0.67,45,321.06,80.27,756.86,55
"SEG10","SEG10",9,3,"SEG48","SCH",0.5,0.615384615,NA,NA,0.277173913,0.545131485,0.428571429,0,0.576802508,0.419936939,0.357142857,0.5,30.4,0.67,45,972.05,243.01,105.87,55
"SEG10","SEG10",10,3,"SEG38","SCH",0.875,0.692307692,NA,NA,0.373626374,0.269406393,0.714285714,0,0.530172414,1,0.428571429,0.5,30.4,0.67,45,321.06,80.27,756.86,55
"SEG10","SEG10",11,3,"SEG21","SCH",0.375,0.384615385,NA,NA,1,0.545131485,0.285714286,0,0.702586207,0,0.071428571,1,30.4,0.67,45,321.06,80.27,756.86,55
"SEG10","SEG10",12,3,"SEG37","SCH",0.625,0.923076923,NA,NA,0.277173913,0.545131485,1,0,0.850574713,0.760381053,0.714285714,0.5,30.4,0.67,45,813.41,203.35,264.51,55
"SEG10","SEG10",13,3,"SEG49","SCH",0.5,0.692307692,NA,NA,1,0.495798319,0.619047619,0,0.793103448,0.372971036,0.357142857,0.5,30.4,0.67,45,734.49,183.62,343.43,55
"SEG10","SEG10",16,3,"SEG42","SCH",0.75,0.615384615,NA,NA,0.373626374,0.356136821,0.642857143,0,0.614420063,0.390824984,1,0,30.4,0.67,45,301.81,75.45,776.11,55
"SEG10","SEG10",4,3,"SEG28","SCH",1,0.461538462,NA,NA,0.573033708,0.269406393,0.404761905,1,0.32183908,0.440191246,0.464285714,1,30.4,0.67,45,471.93,117.98,605.99,55
"SEG10","SEG10",5,3,"SEG26","SCH",0.625,0.538461538,NA,NA,0.676136364,0.312169312,0.285714286,1,0.310344828,0.519362845,0.464285714,1,30.4,0.67,45,478.86,119.72,599.06,55
"SEG10","SEG10",6,3,"SEG15","SCH",0.625,0.461538462,NA,NA,0.573033708,0.269406393,0.142857143,1,0.130268199,0.332717589,0.464285714,1,30.4,0.67,45,415.85,103.96,662.07,55
"SEG10","SEG10",7,3,"SEG32","SCH",0.125,0.461538462,NA,NA,0.472222222,1,0.166666667,0,0.781609195,0.519370347,0,1,30.4,0.67,45,627.5,156.88,450.42,55
"SEG10","SEG10",8,3,"SEG17","SCH",0.5,0.538461538,NA,NA,0.277173913,0.4478951,0.238095238,0,0.317241379,0.228614564,0.714285714,0.5,30.4,0.67,45,995.55,248.89,82.37,55
"SEG11","SEG11",9,3,"SEG48","SCH",0.5,0.615384615,NA,NA,0.277173913,0.545131485,0.428571429,0,0.576802508,0.419936939,0.357142857,0.5,30.4,0,40,937.72,234.43,99.69,56
"SEG11","SEG11",10,3,"SEG38","SCH",0.875,0.692307692,NA,NA,0.373626374,0.269406393,0.714285714,0,0.530172414,1,0.428571429,0.5,30.4,0,40,311.82,77.96,725.59,56
"SEG11","SEG11",11,3,"SEG21","SCH",0.375,0.384615385,NA,NA,1,0.545131485,0.285714286,0,0.702586207,0,0.071428571,1,30.4,0,40,311.82,77.96,725.59,56
"SEG11","SEG11",12,3,"SEG37","SCH",0.625,0.923076923,NA,NA,0.277173913,0.545131485,1,0,0.850574713,0.760381053,0.714285714,0.5,30.4,0,40,772.9,193.23,264.51,56
"SEG11","SEG11",13,3,"SEG49","SCH",0.5,0.692307692,NA,NA,1,0.495798319,0.619047619,0,0.793103448,0.372971036,0.357142857,0.5,30.4,0,40,693.98,173.5,343.43,56
"SEG11","SEG11",14,3,"SEG40","SCH",0.375,1,NA,NA,0.182795699,0.758125472,0.595238095,0,0.702586207,0.546630949,0.071428571,1,30.4,0,40,540.66,135.17,496.75,56
"SEG11","SEG11",15,3,"SEG36","SCH",1,0.538461538,NA,NA,0.472222222,0.312169312,0.69047619,0,0.551724138,0.769957214,0.75,0.5,30.4,0,40,311.82,77.96,725.59,56
"SEG11","SEG11",16,3,"SEG42","SCH",0.75,0.615384615,NA,NA,0.373626374,0.356136821,0.642857143,0,0.614420063,0.390824984,1,0,30.4,0,40,292.57,73.14,744.84,56
"SEG11","SEG11",4,3,"SEG28","SCH",1,0.461538462,NA,NA,0.573033708,0.269406393,0.404761905,1,0.32183908,0.440191246,0.464285714,1,30.4,0,40,456.92,114.23,580.49,56
"SEG11","SEG11",5,3,"SEG26","SCH",0.625,0.538461538,NA,NA,0.676136364,0.312169312,0.285714286,1,0.310344828,0.519362845,0.464285714,1,30.4,0,40,472.43,118.11,564.98,56
"SEG11","SEG11",6,3,"SEG15","SCH",0.625,0.461538462,NA,NA,0.573033708,0.269406393,0.142857143,1,0.130268199,0.332717589,0.464285714,1,30.4,0,40,412.77,103.19,624.64,56
"SEG11","SEG11",7,3,"SEG32","SCH",0.125,0.461538462,NA,NA,0.472222222,1,0.166666667,0,0.781609195,0.519370347,0,1,30.4,0,40,615.28,153.82,422.13,56
"SEG11","SEG11",8,3,"SEG17","SCH",0.5,0.538461538,NA,NA,0.277173913,0.4478951,0.238095238,0,0.317241379,0.228614564,0.714285714,0.5,30.4,0,40,963.1,240.78,74.31,56
"SEG12","SEG12",9,3,"SEG48","SCH",0.5,0.615384615,NA,NA,0.277173913,0.545131485,0.428571429,0,0.576802508,0.419936939,0.357142857,0.5,23,0.36,45,972.05,243.01,105.87,57
"SEG12","SEG12",10,3,"SEG38","SCH",0.875,0.692307692,NA,NA,0.373626374,0.269406393,0.714285714,0,0.530172414,1,0.428571429,0.5,23,0.36,45,321.06,80.27,756.86,57
"SEG12","SEG12",11,3,"SEG21","SCH",0.375,0.384615385,NA,NA,1,0.545131485,0.285714286,0,0.702586207,0,0.071428571,1,23,0.36,45,321.06,80.27,756.86,57
"SEG12","SEG12",12,3,"SEG37","SCH",0.625,0.923076923,NA,NA,0.277173913,0.545131485,1,0,0.850574713,0.760381053,0.714285714,0.5,23,0.36,45,813.41,203.35,264.51,57
"SEG12","SEG12",13,3,"SEG49","SCH",0.5,0.692307692,NA,NA,1,0.495798319,0.619047619,0,0.793103448,0.372971036,0.357142857,0.5,23,0.36,45,734.49,183.62,343.43,57
"SEG12","SEG12",14,3,"SEG40","SCH",0.375,1,NA,NA,0.182795699,0.758125472,0.595238095,0,0.702586207,0.546630949,0.071428571,1,23,0.36,45,581.17,145.29,496.75,57
"SEG12","SEG12",15,3,"SEG36","SCH",1,0.538461538,NA,NA,0.472222222,0.312169312,0.69047619,0,0.551724138,0.769957214,0.75,0.5,23,0.36,45,321.06,80.27,756.86,57
"SEG12","SEG12",6,3,"SEG15","SCH",0.625,0.461538462,NA,NA,0.573033708,0.269406393,0.142857143,1,0.130268199,0.332717589,0.464285714,1,23,0.36,45,415.85,103.96,662.07,57
"SEG12","SEG12",16,3,"SEG42","SCH",0.75,0.615384615,NA,NA,0.373626374,0.356136821,0.642857143,0,0.614420063,0.390824984,1,0,23,0.36,45,301.81,75.45,776.11,57
"SEG12","SEG12",4,3,"SEG28","SCH",1,0.461538462,NA,NA,0.573033708,0.269406393,0.404761905,1,0.32183908,0.440191246,0.464285714,1,23,0.36,45,471.93,117.98,605.99,57
"SEG12","SEG12",5,3,"SEG26","SCH",0.625,0.538461538,NA,NA,0.676136364,0.312169312,0.285714286,1,0.310344828,0.519362845,0.464285714,1,23,0.36,45,478.86,119.72,599.06,57
"SEG12","SEG12",7,3,"SEG32","SCH",0.125,0.461538462,NA,NA,0.472222222,1,0.166666667,0,0.781609195,0.519370347,0,1,23,0.36,45,627.5,156.88,450.42,57
"SEG12","SEG12",8,3,"SEG17","SCH",0.5,0.538461538,NA,NA,0.277173913,0.4478951,0.238095238,0,0.317241379,0.228614564,0.714285714,0.5,23,0.36,45,995.55,248.89,82.37,57
"SEG13","SEG13",16,2,"SEG42","SCH",0.75,0.615384615,NA,NA,0.373626374,0.356136821,0.642857143,0,0.614420063,0.390824984,1,0,8.46,0.65,32,209.72,52.43,479.02,58
"SEG13","SEG13",9,2,"SEG48","SCH",0.5,0.615384615,NA,NA,0.277173913,0.545131485,0.428571429,0,0.576802508,0.419936939,0.357142857,0.5,8.46,0.65,32,641.52,160.38,47.22,58
"SEG13","SEG13",10,2,"SEG38","SCH",0.875,0.692307692,NA,NA,0.373626374,0.269406393,0.714285714,0,0.530172414,1,0.428571429,0.5,8.46,0.65,32,228.97,57.24,459.77,58
"SEG13","SEG13",11,2,"SEG21","SCH",0.375,0.384615385,NA,NA,1,0.545131485,0.285714286,0,0.702586207,0,0.071428571,1,8.46,0.65,32,228.97,57.24,459.77,58
"SEG13","SEG13",12,2,"SEG37","SCH",0.625,0.923076923,NA,NA,0.277173913,0.545131485,1,0,0.850574713,0.760381053,0.714285714,0.5,8.46,0.65,32,424.23,106.06,264.51,58
"SEG13","SEG13",13,2,"SEG49","SCH",0.5,0.692307692,NA,NA,1,0.495798319,0.619047619,0,0.793103448,0.372971036,0.357142857,0.5,8.46,0.65,32,345.31,86.33,343.43,58
"SEG13","SEG13",14,2,"SEG40","SCH",0.375,1,NA,NA,0.182795699,0.758125472,0.595238095,0,0.702586207,0.546630949,0.071428571,1,8.46,0.65,32,228.97,57.24,459.77,58
"SEG13","SEG13",15,2,"SEG36","SCH",1,0.538461538,NA,NA,0.472222222,0.312169312,0.69047619,0,0.551724138,0.769957214,0.75,0.5,8.46,0.65,32,228.97,57.24,459.77,58
"SEG13","SEG13",4,2,"SEG28","SCH",1,0.461538462,NA,NA,0.573033708,0.269406393,0.404761905,1,0.32183908,0.440191246,0.464285714,1,8.46,0.65,32,286.77,71.69,401.97,58
"SEG13","SEG13",5,2,"SEG26","SCH",0.625,0.538461538,NA,NA,0.676136364,0.312169312,0.285714286,1,0.310344828,0.519362845,0.464285714,1,8.46,0.65,32,277.23,69.31,411.51,58
"SEG13","SEG13",6,2,"SEG15","SCH",0.625,0.461538462,NA,NA,0.573033708,0.269406393,0.142857143,1,0.130268199,0.332717589,0.464285714,1,8.46,0.65,32,232.48,58.12,456.26,58
"SEG13","SEG13",7,2,"SEG32","SCH",0.125,0.461538462,NA,NA,0.472222222,1,0.166666667,0,0.781609195,0.519370347,0,1,8.46,0.65,32,153.39,38.35,535.35,58
"SEG13","SEG13",8,2,"SEG17","SCH",0.5,0.538461538,NA,NA,0.277173913,0.4478951,0.238095238,0,0.317241379,0.228614564,0.714285714,0.5,8.46,0.65,32,683.01,170.75,5.73,58
"SEG14","SEG14",9,3,"SEG48","SCH",0.5,0.615384615,NA,NA,0.277173913,0.545131485,0.428571429,0,0.576802508,0.419936939,0.357142857,0.5,16.5,1.39,47,989.91,247.48,108.95,59
"SEG14","SEG14",10,3,"SEG38","SCH",0.875,0.692307692,NA,NA,0.373626374,0.269406393,0.714285714,0,0.530172414,1,0.428571429,0.5,16.5,1.39,47,326.36,81.59,772.5,59
"SEG14","SEG14",11,3,"SEG21","SCH",0.375,0.384615385,NA,NA,1,0.545131485,0.285714286,0,0.702586207,0,0.071428571,1,16.5,1.39,47,326.36,81.59,772.5,59
"SEG14","SEG14",12,3,"SEG37","SCH",0.625,0.923076923,NA,NA,0.277173913,0.545131485,1,0,0.850574713,0.760381053,0.714285714,0.5,16.5,1.39,47,834.35,208.59,264.51,59
"SEG14","SEG14",13,3,"SEG49","SCH",0.5,0.692307692,NA,NA,1,0.495798319,0.619047619,0,0.793103448,0.372971036,0.357142857,0.5,16.5,1.39,47,755.43,188.86,343.43,59
"SEG14","SEG14",14,3,"SEG40","SCH",0.375,1,NA,NA,0.182795699,0.758125472,0.595238095,0,0.702586207,0.546630949,0.071428571,1,16.5,1.39,47,602.11,150.53,496.75,59
"SEG14","SEG14",15,3,"SEG36","SCH",1,0.538461538,NA,NA,0.472222222,0.312169312,0.69047619,0,0.551724138,0.769957214,0.75,0.5,16.5,1.39,47,341.07,85.27,757.79,59
"SEG14","SEG14",16,3,"SEG42","SCH",0.75,0.615384615,NA,NA,0.373626374,0.356136821,0.642857143,0,0.614420063,0.390824984,1,0,16.5,1.39,47,307.11,76.78,791.75,59
"SEG14","SEG14",4,3,"SEG28","SCH",1,0.461538462,NA,NA,0.573033708,0.269406393,0.404761905,1,0.32183908,0.440191246,0.464285714,1,16.5,1.39,47,480.12,120.03,618.74,59
"SEG14","SEG14",5,3,"SEG26","SCH",0.625,0.538461538,NA,NA,0.676136364,0.312169312,0.285714286,1,0.310344828,0.519362845,0.464285714,1,16.5,1.39,47,499.8,124.95,599.06,59
"SEG14","SEG14",6,3,"SEG15","SCH",0.625,0.461538462,NA,NA,0.573033708,0.269406393,0.142857143,1,0.130268199,0.332717589,0.464285714,1,16.5,1.39,47,436.79,109.2,662.07,59
"SEG14","SEG14",7,3,"SEG32","SCH",0.125,0.461538462,NA,NA,0.472222222,1,0.166666667,0,0.781609195,0.519370347,0,1,16.5,1.39,47,648.44,162.11,450.42,59
"SEG14","SEG14",8,3,"SEG17","SCH",0.5,0.538461538,NA,NA,0.277173913,0.4478951,0.238095238,0,0.317241379,0.228614564,0.714285714,0.5,16.5,1.39,47,1012.45,253.11,86.41,59
"SEG15","SEG15",9,3,"SEG48","SCH",0.5,0.615384615,NA,NA,0.277173913,0.545131485,0.428571429,0,0.576802508,0.419936939,0.357142857,0.5,71.5,0.6,39,885.53,221.38,90.43,60
"SEG15","SEG15",10,3,"SEG38","SCH",0.875,0.692307692,NA,NA,0.373626374,0.269406393,0.714285714,0,0.530172414,1,0.428571429,0.5,71.5,0.6,39,297.28,74.32,678.68,60
"SEG15","SEG15",11,3,"SEG21","SCH",0.375,0.384615385,NA,NA,1,0.545131485,0.285714286,0,0.702586207,0,0.071428571,1,71.5,0.6,39,297.28,74.32,678.68,60
"SEG15","SEG15",12,3,"SEG37","SCH",0.625,0.923076923,NA,NA,0.277173913,0.545131485,1,0,0.850574713,0.760381053,0.714285714,0.5,71.5,0.6,39,711.45,177.86,264.51,60
"SEG15","SEG15",13,3,"SEG49","SCH",0.5,0.692307692,NA,NA,1,0.495798319,0.619047619,0,0.793103448,0.372971036,0.357142857,0.5,71.5,0.6,39,632.53,158.13,343.43,60
"SEG15","SEG15",14,3,"SEG40","SCH",0.375,1,NA,NA,0.182795699,0.758125472,0.595238095,0,0.702586207,0.546630949,0.071428571,1,71.5,0.6,39,479.21,119.8,496.75,60
"SEG15","SEG15",15,3,"SEG36","SCH",1,0.538461538,NA,NA,0.472222222,0.312169312,0.69047619,0,0.551724138,0.769957214,0.75,0.5,71.5,0.6,39,297.28,74.32,678.68,60
"SEG15","SEG15",16,3,"SEG42","SCH",0.75,0.615384615,NA,NA,0.373626374,0.356136821,0.642857143,0,0.614420063,0.390824984,1,0,71.5,0.6,39,278.03,69.51,697.93,60
"SEG15","SEG15",7,3,"SEG32","SCH",0.125,0.461538462,NA,NA,0.472222222,1,0.166666667,0,0.781609195,0.519370347,0,1,71.5,0.6,39,567.98,142,407.98,60
"SEG15","SEG15",4,3,"SEG28","SCH",1,0.461538462,NA,NA,0.573033708,0.269406393,0.404761905,1,0.32183908,0.440191246,0.464285714,1,71.5,0.6,39,420.98,105.25,554.98,60
"SEG15","SEG15",5,3,"SEG26","SCH",0.625,0.538461538,NA,NA,0.676136364,0.312169312,0.285714286,1,0.310344828,0.519362845,0.464285714,1,71.5,0.6,39,428.04,107.01,547.92,60
"SEG15","SEG15",6,3,"SEG15","SCH",0.625,0.461538462,NA,NA,0.573033708,0.269406393,0.142857143,1,0.130268199,0.332717589,0.464285714,1,71.5,0.6,39,370.02,92.5,605.94,60
"SEG15","SEG15",8,3,"SEG17","SCH",0.5,0.538461538,NA,NA,0.277173913,0.4478951,0.238095238,0,0.317241379,0.228614564,0.714285714,0.5,71.5,0.6,39,913.75,228.44,62.21,60
"SEG16","SEG16",4,3,"SEG28","SCH",1,0.461538462,NA,NA,0.573033708,0.269406393,0.404761905,1,0.32183908,0.440191246,0.464285714,1,71.5,1.11,38,394.6,98.65,542.21,61
"SEG16","SEG16",9,3,"SEG48","SCH",0.5,0.615384615,NA,NA,0.277173913,0.545131485,0.428571429,0,0.576802508,0.419936939,0.357142857,0.5,71.5,1.11,38,852.55,213.14,84.26,61
"SEG16","SEG16",10,3,"SEG38","SCH",0.875,0.692307692,NA,NA,0.373626374,0.269406393,0.714285714,0,0.530172414,1,0.428571429,0.5,71.5,1.11,38,289.4,72.35,647.41,61
"SEG16","SEG16",11,3,"SEG21","SCH",0.375,0.384615385,NA,NA,1,0.545131485,0.285714286,0,0.702586207,0,0.071428571,1,71.5,1.11,38,289.4,72.35,647.41,61
"SEG16","SEG16",12,3,"SEG37","SCH",0.625,0.923076923,NA,NA,0.277173913,0.545131485,1,0,0.850574713,0.760381053,0.714285714,0.5,71.5,1.11,38,672.3,168.07,264.51,61
"SEG16","SEG16",13,3,"SEG49","SCH",0.5,0.692307692,NA,NA,1,0.495798319,0.619047619,0,0.793103448,0.372971036,0.357142857,0.5,71.5,1.11,38,593.38,148.34,343.43,61
"SEG16","SEG16",14,3,"SEG40","SCH",0.375,1,NA,NA,0.182795699,0.758125472,0.595238095,0,0.702586207,0.546630949,0.071428571,1,71.5,1.11,38,440.06,110.01,496.75,61
"SEG16","SEG16",15,3,"SEG36","SCH",1,0.538461538,NA,NA,0.472222222,0.312169312,0.69047619,0,0.551724138,0.769957214,0.75,0.5,71.5,1.11,38,289.4,72.35,647.41,61
"SEG16","SEG16",16,3,"SEG42","SCH",0.75,0.615384615,NA,NA,0.373626374,0.356136821,0.642857143,0,0.614420063,0.390824984,1,0,71.5,1.11,38,270.15,67.54,666.66,61
"SEG16","SEG16",5,3,"SEG26","SCH",0.625,0.538461538,NA,NA,0.676136364,0.312169312,0.285714286,1,0.310344828,0.519362845,0.464285714,1,71.5,1.11,38,405.94,101.48,530.87,61
"SEG16","SEG16",6,3,"SEG15","SCH",0.625,0.461538462,NA,NA,0.573033708,0.269406393,0.142857143,1,0.130268199,0.332717589,0.464285714,1,71.5,1.11,38,349.59,87.4,587.22,61
"SEG16","SEG16",7,3,"SEG32","SCH",0.125,0.461538462,NA,NA,0.472222222,1,0.166666667,0,0.781609195,0.519370347,0,1,71.5,1.11,38,542.99,135.75,393.82,61
"SEG16","SEG16",8,3,"SEG17","SCH",0.5,0.538461538,NA,NA,0.277173913,0.4478951,0.238095238,0,0.317241379,0.228614564,0.714285714,0.5,71.5,1.11,38,882.67,220.67,54.14,61
"SEG17","SEG17",9,2,"SEG48","SCH",0.5,0.615384615,NA,NA,0.277173913,0.545131485,0.428571429,0,0.576802508,0.419936939,0.357142857,0.5,28.57,0.68,33,662.29,165.57,50.31,62
"SEG17","SEG17",10,2,"SEG38","SCH",0.875,0.692307692,NA,NA,0.373626374,0.269406393,0.714285714,0,0.530172414,1,0.428571429,0.5,28.57,0.68,33,237.2,59.3,475.4,62
"SEG17","SEG17",11,2,"SEG21","SCH",0.375,0.384615385,NA,NA,1,0.545131485,0.285714286,0,0.702586207,0,0.071428571,1,28.57,0.68,33,237.2,59.3,475.4,62
"SEG17","SEG17",12,2,"SEG37","SCH",0.625,0.923076923,NA,NA,0.277173913,0.545131485,1,0,0.850574713,0.760381053,0.714285714,0.5,28.57,0.68,33,448.09,112.02,264.51,62
"SEG17","SEG17",13,2,"SEG49","SCH",0.5,0.692307692,NA,NA,1,0.495798319,0.619047619,0,0.793103448,0.372971036,0.357142857,0.5,28.57,0.68,33,369.17,92.29,343.43,62
"SEG17","SEG17",14,2,"SEG40","SCH",0.375,1,NA,NA,0.182795699,0.758125472,0.595238095,0,0.702586207,0.546630949,0.071428571,1,28.57,0.68,33,237.2,59.3,475.4,62
"SEG17","SEG17",15,2,"SEG36","SCH",1,0.538461538,NA,NA,0.472222222,0.312169312,0.69047619,0,0.551724138,0.769957214,0.75,0.5,28.57,0.68,33,237.2,59.3,475.4,62
"SEG17","SEG17",16,2,"SEG42","SCH",0.75,0.615384615,NA,NA,0.373626374,0.356136821,0.642857143,0,0.614420063,0.390824984,1,0,28.57,0.68,33,217.95,54.49,494.65,62
"SEG17","SEG17",4,2,"SEG28","SCH",1,0.461538462,NA,NA,0.573033708,0.269406393,0.404761905,1,0.32183908,0.440191246,0.464285714,1,28.57,0.68,33,285.12,71.28,427.48,62
"SEG17","SEG17",5,2,"SEG26","SCH",0.625,0.538461538,NA,NA,0.676136364,0.312169312,0.285714286,1,0.310344828,0.519362845,0.464285714,1,28.57,0.68,33,284.03,71.01,428.57,62
"SEG17","SEG17",6,2,"SEG15","SCH",0.625,0.461538462,NA,NA,0.573033708,0.269406393,0.142857143,1,0.130268199,0.332717589,0.464285714,1,28.57,0.68,33,237.62,59.41,474.98,62
"SEG17","SEG17",7,2,"SEG32","SCH",0.125,0.461538462,NA,NA,0.472222222,1,0.166666667,0,0.781609195,0.519370347,0,1,28.57,0.68,33,153.67,38.42,558.93,62
"SEG17","SEG17",8,2,"SEG17","SCH",0.5,0.538461538,NA,NA,0.277173913,0.4478951,0.238095238,0,0.317241379,0.228614564,0.714285714,0.5,28.57,0.68,33,702.83,175.71,9.77,62
"SEG19","SEG19",9,3,"SEG48","SCH",0.5,0.615384615,NA,NA,0.277173913,0.545131485,0.428571429,0,0.576802508,0.419936939,0.357142857,0.5,51.6,0.12,40,937.72,234.43,99.69,63
"SEG19","SEG19",10,3,"SEG38","SCH",0.875,0.692307692,NA,NA,0.373626374,0.269406393,0.714285714,0,0.530172414,1,0.428571429,0.5,51.6,0.12,40,311.82,77.96,725.59,63
"SEG19","SEG19",11,3,"SEG21","SCH",0.375,0.384615385,NA,NA,1,0.545131485,0.285714286,0,0.702586207,0,0.071428571,1,51.6,0.12,40,311.82,77.96,725.59,63
"SEG19","SEG19",12,3,"SEG37","SCH",0.625,0.923076923,NA,NA,0.277173913,0.545131485,1,0,0.850574713,0.760381053,0.714285714,0.5,51.6,0.12,40,772.9,193.23,264.51,63
"SEG19","SEG19",13,3,"SEG49","SCH",0.5,0.692307692,NA,NA,1,0.495798319,0.619047619,0,0.793103448,0.372971036,0.357142857,0.5,51.6,0.12,40,693.98,173.5,343.43,63
"SEG19","SEG19",14,3,"SEG40","SCH",0.375,1,NA,NA,0.182795699,0.758125472,0.595238095,0,0.702586207,0.546630949,0.071428571,1,51.6,0.12,40,540.66,135.17,496.75,63
"SEG19","SEG19",15,3,"SEG36","SCH",1,0.538461538,NA,NA,0.472222222,0.312169312,0.69047619,0,0.551724138,0.769957214,0.75,0.5,51.6,0.12,40,311.82,77.96,725.59,63
"SEG19","SEG19",16,3,"SEG42","SCH",0.75,0.615384615,NA,NA,0.373626374,0.356136821,0.642857143,0,0.614420063,0.390824984,1,0,51.6,0.12,40,292.57,73.14,744.84,63
"SEG19","SEG19",4,3,"SEG28","SCH",1,0.461538462,NA,NA,0.573033708,0.269406393,0.404761905,1,0.32183908,0.440191246,0.464285714,1,51.6,0.12,40,456.92,114.23,580.49,63
"SEG19","SEG19",7,3,"SEG32","SCH",0.125,0.461538462,NA,NA,0.472222222,1,0.166666667,0,0.781609195,0.519370347,0,1,51.6,0.12,40,615.28,153.82,422.13,63
"SEG19","SEG19",8,3,"SEG17","SCH",0.5,0.538461538,NA,NA,0.277173913,0.4478951,0.238095238,0,0.317241379,0.228614564,0.714285714,0.5,51.6,0.12,40,963.1,240.78,74.31,63
"SEG19","SEG19",5,3,"SEG26","SCH",0.625,0.538461538,NA,NA,0.676136364,0.312169312,0.285714286,1,0.310344828,0.519362845,0.464285714,1,51.6,0.12,40,472.43,118.11,564.98,63
"SEG19","SEG19",6,3,"SEG15","SCH",0.625,0.461538462,NA,NA,0.573033708,0.269406393,0.142857143,1,0.130268199,0.332717589,0.464285714,1,51.6,0.12,40,412.77,103.19,624.64,63
"SEG20","SEG20",5,2,"SEG26","SCH",0.625,0.538461538,NA,NA,0.676136364,0.312169312,0.285714286,1,0.310344828,0.519362845,0.464285714,1,19,0.82,32,277.23,69.31,411.51,64
"SEG20","SEG20",6,2,"SEG15","SCH",0.625,0.461538462,NA,NA,0.573033708,0.269406393,0.142857143,1,0.130268199,0.332717589,0.464285714,1,19,0.82,32,232.48,58.12,456.26,64
"SEG20","SEG20",9,2,"SEG48","SCH",0.5,0.615384615,NA,NA,0.277173913,0.545131485,0.428571429,0,0.576802508,0.419936939,0.357142857,0.5,19,0.82,32,641.52,160.38,47.22,64
"SEG20","SEG20",10,2,"SEG38","SCH",0.875,0.692307692,NA,NA,0.373626374,0.269406393,0.714285714,0,0.530172414,1,0.428571429,0.5,19,0.82,32,228.97,57.24,459.77,64
"SEG20","SEG20",11,2,"SEG21","SCH",0.375,0.384615385,NA,NA,1,0.545131485,0.285714286,0,0.702586207,0,0.071428571,1,19,0.82,32,228.97,57.24,459.77,64
"SEG20","SEG20",12,2,"SEG37","SCH",0.625,0.923076923,NA,NA,0.277173913,0.545131485,1,0,0.850574713,0.760381053,0.714285714,0.5,19,0.82,32,424.23,106.06,264.51,64
"SEG20","SEG20",13,2,"SEG49","SCH",0.5,0.692307692,NA,NA,1,0.495798319,0.619047619,0,0.793103448,0.372971036,0.357142857,0.5,19,0.82,32,345.31,86.33,343.43,64
"SEG20","SEG20",14,2,"SEG40","SCH",0.375,1,NA,NA,0.182795699,0.758125472,0.595238095,0,0.702586207,0.546630949,0.071428571,1,19,0.82,32,228.97,57.24,459.77,64
"SEG20","SEG20",15,2,"SEG36","SCH",1,0.538461538,NA,NA,0.472222222,0.312169312,0.69047619,0,0.551724138,0.769957214,0.75,0.5,19,0.82,32,228.97,57.24,459.77,64
"SEG20","SEG20",16,2,"SEG42","SCH",0.75,0.615384615,NA,NA,0.373626374,0.356136821,0.642857143,0,0.614420063,0.390824984,1,0,19,0.82,32,209.72,52.43,479.02,64
"SEG20","SEG20",4,2,"SEG28","SCH",1,0.461538462,NA,NA,0.573033708,0.269406393,0.404761905,1,0.32183908,0.440191246,0.464285714,1,19,0.82,32,286.77,71.69,401.97,64
"SEG20","SEG20",7,2,"SEG32","SCH",0.125,0.461538462,NA,NA,0.472222222,1,0.166666667,0,0.781609195,0.519370347,0,1,19,0.82,32,153.39,38.35,535.35,64
"SEG20","SEG20",8,2,"SEG17","SCH",0.5,0.538461538,NA,NA,0.277173913,0.4478951,0.238095238,0,0.317241379,0.228614564,0.714285714,0.5,19,0.82,32,683.01,170.75,5.73,64
"SEG21","SEG21",9,2,"SEG48","SCH",0.5,0.615384615,NA,NA,0.277173913,0.545131485,0.428571429,0,0.576802508,0.419936939,0.357142857,0.5,8.3,0.55,32,641.52,160.38,47.22,65
"SEG21","SEG21",10,2,"SEG38","SCH",0.875,0.692307692,NA,NA,0.373626374,0.269406393,0.714285714,0,0.530172414,1,0.428571429,0.5,8.3,0.55,32,228.97,57.24,459.77,65
"SEG21","SEG21",11,2,"SEG21","SCH",0.375,0.384615385,NA,NA,1,0.545131485,0.285714286,0,0.702586207,0,0.071428571,1,8.3,0.55,32,228.97,57.24,459.77,65
"SEG21","SEG21",12,2,"SEG37","SCH",0.625,0.923076923,NA,NA,0.277173913,0.545131485,1,0,0.850574713,0.760381053,0.714285714,0.5,8.3,0.55,32,424.23,106.06,264.51,65
"SEG21","SEG21",13,2,"SEG49","SCH",0.5,0.692307692,NA,NA,1,0.495798319,0.619047619,0,0.793103448,0.372971036,0.357142857,0.5,8.3,0.55,32,345.31,86.33,343.43,65
"SEG21","SEG21",14,2,"SEG40","SCH",0.375,1,NA,NA,0.182795699,0.758125472,0.595238095,0,0.702586207,0.546630949,0.071428571,1,8.3,0.55,32,228.97,57.24,459.77,65
"SEG21","SEG21",15,2,"SEG36","SCH",1,0.538461538,NA,NA,0.472222222,0.312169312,0.69047619,0,0.551724138,0.769957214,0.75,0.5,8.3,0.55,32,228.97,57.24,459.77,65
"SEG21","SEG21",16,2,"SEG42","SCH",0.75,0.615384615,NA,NA,0.373626374,0.356136821,0.642857143,0,0.614420063,0.390824984,1,0,8.3,0.55,32,209.72,52.43,479.02,65
"SEG21","SEG21",4,2,"SEG28","SCH",1,0.461538462,NA,NA,0.573033708,0.269406393,0.404761905,1,0.32183908,0.440191246,0.464285714,1,8.3,0.55,32,286.77,71.69,401.97,65
"SEG21","SEG21",5,2,"SEG26","SCH",0.625,0.538461538,NA,NA,0.676136364,0.312169312,0.285714286,1,0.310344828,0.519362845,0.464285714,1,8.3,0.55,32,277.23,69.31,411.51,65
"SEG21","SEG21",6,2,"SEG15","SCH",0.625,0.461538462,NA,NA,0.573033708,0.269406393,0.142857143,1,0.130268199,0.332717589,0.464285714,1,8.3,0.55,32,232.48,58.12,456.26,65
"SEG21","SEG21",7,2,"SEG32","SCH",0.125,0.461538462,NA,NA,0.472222222,1,0.166666667,0,0.781609195,0.519370347,0,1,8.3,0.55,32,153.39,38.35,535.35,65
"SEG21","SEG21",8,2,"SEG17","SCH",0.5,0.538461538,NA,NA,0.277173913,0.4478951,0.238095238,0,0.317241379,0.228614564,0.714285714,0.5,8.3,0.55,32,683.01,170.75,5.73,65
"SEG22","SEG22",9,3,"SEG48","SCH",0.5,0.615384615,NA,NA,0.277173913,0.545131485,0.428571429,0,0.576802508,0.419936939,0.357142857,0.5,33.67,0.26,50,1006.39,251.6,112.04,66
"SEG22","SEG22",10,3,"SEG38","SCH",0.875,0.692307692,NA,NA,0.373626374,0.269406393,0.714285714,0,0.530172414,1,0.428571429,0.5,33.67,0.26,50,330.29,82.57,788.14,66
"SEG22","SEG22",11,3,"SEG21","SCH",0.375,0.384615385,NA,NA,1,0.545131485,0.285714286,0,0.702586207,0,0.071428571,1,33.67,0.26,50,330.29,82.57,788.14,66
"SEG22","SEG22",12,3,"SEG37","SCH",0.625,0.923076923,NA,NA,0.277173913,0.545131485,1,0,0.850574713,0.760381053,0.714285714,0.5,33.67,0.26,50,853.92,213.48,264.51,66
"SEG22","SEG22",13,3,"SEG49","SCH",0.5,0.692307692,NA,NA,1,0.495798319,0.619047619,0,0.793103448,0.372971036,0.357142857,0.5,33.67,0.26,50,775,193.75,343.43,66
"SEG22","SEG22",14,3,"SEG40","SCH",0.375,1,NA,NA,0.182795699,0.758125472,0.595238095,0,0.702586207,0.546630949,0.071428571,1,33.67,0.26,50,621.68,155.42,496.75,66
"SEG22","SEG22",15,3,"SEG36","SCH",1,0.538461538,NA,NA,0.472222222,0.312169312,0.69047619,0,0.551724138,0.769957214,0.75,0.5,33.67,0.26,50,360.64,90.16,757.79,66
"SEG22","SEG22",16,3,"SEG42","SCH",0.75,0.615384615,NA,NA,0.373626374,0.356136821,0.642857143,0,0.614420063,0.390824984,1,0,33.67,0.26,50,311.04,77.76,807.39,66
"SEG22","SEG22",4,3,"SEG28","SCH",1,0.461538462,NA,NA,0.573033708,0.269406393,0.404761905,1,0.32183908,0.440191246,0.464285714,1,33.67,0.26,50,486.96,121.74,631.47,66
"SEG22","SEG22",5,3,"SEG26","SCH",0.625,0.538461538,NA,NA,0.676136364,0.312169312,0.285714286,1,0.310344828,0.519362845,0.464285714,1,33.67,0.26,50,502.3,125.58,616.13,66
"SEG22","SEG22",6,3,"SEG15","SCH",0.625,0.461538462,NA,NA,0.573033708,0.269406393,0.142857143,1,0.130268199,0.332717589,0.464285714,1,33.67,0.26,50,437.67,109.42,680.76,66
"SEG22","SEG22",7,3,"SEG32","SCH",0.125,0.461538462,NA,NA,0.472222222,1,0.166666667,0,0.781609195,0.519370347,0,1,33.67,0.26,50,653.84,163.46,464.59,66
"SEG22","SEG22",8,3,"SEG17","SCH",0.5,0.538461538,NA,NA,0.277173913,0.4478951,0.238095238,0,0.317241379,0.228614564,0.714285714,0.5,33.67,0.26,50,1027.99,257,90.44,66
"SEG23","SEG23",7,3,"SEG32","SCH",0.125,0.461538462,NA,NA,0.472222222,1,0.166666667,0,0.781609195,0.519370347,0,1,43.4,0.18,37,515.24,128.81,379.69,67
"SEG23","SEG23",9,3,"SEG48","SCH",0.5,0.615384615,NA,NA,0.277173913,0.545131485,0.428571429,0,0.576802508,0.419936939,0.357142857,0.5,43.4,0.18,37,816.84,204.21,78.09,67
"SEG23","SEG23",10,3,"SEG38","SCH",0.875,0.692307692,NA,NA,0.373626374,0.269406393,0.714285714,0,0.530172414,1,0.428571429,0.5,43.4,0.18,37,278.8,69.7,616.13,67
"SEG23","SEG23",11,3,"SEG21","SCH",0.375,0.384615385,NA,NA,1,0.545131485,0.285714286,0,0.702586207,0,0.071428571,1,43.4,0.18,37,278.8,69.7,616.13,67
"SEG23","SEG23",12,3,"SEG37","SCH",0.625,0.923076923,NA,NA,0.277173913,0.545131485,1,0,0.850574713,0.760381053,0.714285714,0.5,43.4,0.18,37,630.42,157.61,264.51,67
"SEG23","SEG23",13,3,"SEG49","SCH",0.5,0.692307692,NA,NA,1,0.495798319,0.619047619,0,0.793103448,0.372971036,0.357142857,0.5,43.4,0.18,37,551.5,137.88,343.43,67
"SEG23","SEG23",14,3,"SEG40","SCH",0.375,1,NA,NA,0.182795699,0.758125472,0.595238095,0,0.702586207,0.546630949,0.071428571,1,43.4,0.18,37,398.18,99.54,496.75,67
"SEG23","SEG23",15,3,"SEG36","SCH",1,0.538461538,NA,NA,0.472222222,0.312169312,0.69047619,0,0.551724138,0.769957214,0.75,0.5,43.4,0.18,37,278.8,69.7,616.13,67
"SEG23","SEG23",16,3,"SEG42","SCH",0.75,0.615384615,NA,NA,0.373626374,0.356136821,0.642857143,0,0.614420063,0.390824984,1,0,43.4,0.18,37,259.55,64.89,635.38,67
"SEG23","SEG23",4,3,"SEG28","SCH",1,0.461538462,NA,NA,0.573033708,0.269406393,0.404761905,1,0.32183908,0.440191246,0.464285714,1,43.4,0.18,37,378.19,94.55,516.74,67
"SEG23","SEG23",5,3,"SEG26","SCH",0.625,0.538461538,NA,NA,0.676136364,0.312169312,0.285714286,1,0.310344828,0.519362845,0.464285714,1,43.4,0.18,37,381.12,95.28,513.81,67
"SEG23","SEG23",6,3,"SEG15","SCH",0.625,0.461538462,NA,NA,0.573033708,0.269406393,0.142857143,1,0.130268199,0.332717589,0.464285714,1,43.4,0.18,37,326.41,81.6,568.52,67
"SEG23","SEG23",8,3,"SEG17","SCH",0.5,0.538461538,NA,NA,0.277173913,0.4478951,0.238095238,0,0.317241379,0.228614564,0.714285714,0.5,43.4,0.18,37,848.86,212.22,46.07,67
"SEG24","SEG24",9,3,"SEG48","SCH",0.5,0.615384615,NA,NA,0.277173913,0.545131485,0.428571429,0,0.576802508,0.419936939,0.357142857,0.5,58.69,0.72,37,816.84,204.21,78.09,68
"SEG24","SEG24",10,3,"SEG38","SCH",0.875,0.692307692,NA,NA,0.373626374,0.269406393,0.714285714,0,0.530172414,1,0.428571429,0.5,58.69,0.72,37,278.8,69.7,616.13,68
"SEG24","SEG24",11,3,"SEG21","SCH",0.375,0.384615385,NA,NA,1,0.545131485,0.285714286,0,0.702586207,0,0.071428571,1,58.69,0.72,37,278.8,69.7,616.13,68
"SEG24","SEG24",12,3,"SEG37","SCH",0.625,0.923076923,NA,NA,0.277173913,0.545131485,1,0,0.850574713,0.760381053,0.714285714,0.5,58.69,0.72,37,630.42,157.61,264.51,68
"SEG24","SEG24",13,3,"SEG49","SCH",0.5,0.692307692,NA,NA,1,0.495798319,0.619047619,0,0.793103448,0.372971036,0.357142857,0.5,58.69,0.72,37,551.5,137.88,343.43,68
"SEG24","SEG24",14,3,"SEG40","SCH",0.375,1,NA,NA,0.182795699,0.758125472,0.595238095,0,0.702586207,0.546630949,0.071428571,1,58.69,0.72,37,398.18,99.54,496.75,68
"SEG24","SEG24",15,3,"SEG36","SCH",1,0.538461538,NA,NA,0.472222222,0.312169312,0.69047619,0,0.551724138,0.769957214,0.75,0.5,58.69,0.72,37,278.8,69.7,616.13,68
"SEG24","SEG24",16,3,"SEG42","SCH",0.75,0.615384615,NA,NA,0.373626374,0.356136821,0.642857143,0,0.614420063,0.390824984,1,0,58.69,0.72,37,259.55,64.89,635.38,68
"SEG24","SEG24",4,3,"SEG28","SCH",1,0.461538462,NA,NA,0.573033708,0.269406393,0.404761905,1,0.32183908,0.440191246,0.464285714,1,58.69,0.72,37,378.19,94.55,516.74,68
"SEG24","SEG24",5,3,"SEG26","SCH",0.625,0.538461538,NA,NA,0.676136364,0.312169312,0.285714286,1,0.310344828,0.519362845,0.464285714,1,58.69,0.72,37,381.12,95.28,513.81,68
"SEG24","SEG24",6,3,"SEG15","SCH",0.625,0.461538462,NA,NA,0.573033708,0.269406393,0.142857143,1,0.130268199,0.332717589,0.464285714,1,58.69,0.72,37,326.41,81.6,568.52,68
"SEG24","SEG24",7,3,"SEG32","SCH",0.125,0.461538462,NA,NA,0.472222222,1,0.166666667,0,0.781609195,0.519370347,0,1,58.69,0.72,37,515.24,128.81,379.69,68
"SEG24","SEG24",8,3,"SEG17","SCH",0.5,0.538461538,NA,NA,0.277173913,0.4478951,0.238095238,0,0.317241379,0.228614564,0.714285714,0.5,58.69,0.72,37,848.86,212.22,46.07,68
"SEG25","SEG25",9,2,"SEG48","SCH",0.5,0.615384615,NA,NA,0.277173913,0.545131485,0.428571429,0,0.576802508,0.419936939,0.357142857,0.5,8.98,0.98,35,743.17,185.79,65.74,69
"SEG25","SEG25",10,2,"SEG38","SCH",0.875,0.692307692,NA,NA,0.373626374,0.269406393,0.714285714,0,0.530172414,1,0.428571429,0.5,8.98,0.98,35,255.32,63.83,553.59,69
"SEG25","SEG25",11,2,"SEG21","SCH",0.375,0.384615385,NA,NA,1,0.545131485,0.285714286,0,0.702586207,0,0.071428571,1,8.98,0.98,35,255.32,63.83,553.59,69
"SEG25","SEG25",12,2,"SEG37","SCH",0.625,0.923076923,NA,NA,0.277173913,0.545131485,1,0,0.850574713,0.760381053,0.714285714,0.5,8.98,0.98,35,544.4,136.1,264.51,69
"SEG25","SEG25",13,2,"SEG49","SCH",0.5,0.692307692,NA,NA,1,0.495798319,0.619047619,0,0.793103448,0.372971036,0.357142857,0.5,8.98,0.98,35,465.48,116.37,343.43,69
"SEG25","SEG25",14,2,"SEG40","SCH",0.375,1,NA,NA,0.182795699,0.758125472,0.595238095,0,0.702586207,0.546630949,0.071428571,1,8.98,0.98,35,312.16,78.04,496.75,69
"SEG25","SEG25",15,2,"SEG36","SCH",1,0.538461538,NA,NA,0.472222222,0.312169312,0.69047619,0,0.551724138,0.769957214,0.75,0.5,8.98,0.98,35,255.32,63.83,553.59,69
"SEG25","SEG25",16,2,"SEG42","SCH",0.75,0.615384615,NA,NA,0.373626374,0.356136821,0.642857143,0,0.614420063,0.390824984,1,0,8.98,0.98,35,236.07,59.02,572.84,69
"SEG25","SEG25",4,2,"SEG28","SCH",1,0.461538462,NA,NA,0.573033708,0.269406393,0.404761905,1,0.32183908,0.440191246,0.464285714,1,8.98,0.98,35,343.17,85.79,465.74,69
"SEG25","SEG25",5,2,"SEG26","SCH",0.625,0.538461538,NA,NA,0.676136364,0.312169312,0.285714286,1,0.310344828,0.519362845,0.464285714,1,8.98,0.98,35,329.18,82.3,479.73,69
"SEG25","SEG25",6,2,"SEG15","SCH",0.625,0.461538462,NA,NA,0.573033708,0.269406393,0.142857143,1,0.130268199,0.332717589,0.464285714,1,8.98,0.98,35,277.81,69.45,531.1,69
"SEG25","SEG25",7,2,"SEG32","SCH",0.125,0.461538462,NA,NA,0.472222222,1,0.166666667,0,0.781609195,0.519370347,0,1,8.98,0.98,35,457.53,114.38,351.38,69
"SEG25","SEG25",8,2,"SEG17","SCH",0.5,0.538461538,NA,NA,0.277173913,0.4478951,0.238095238,0,0.317241379,0.228614564,0.714285714,0.5,8.98,0.98,35,778.98,194.74,29.93,69
"SEG26","SEG26",8,2,"SEG17","SCH",0.5,0.538461538,NA,NA,0.277173913,0.4478951,0.238095238,0,0.317241379,0.228614564,0.714285714,0.5,43.4,0.31,34,747.9,186.98,21.87,70
"SEG26","SEG26",9,2,"SEG48","SCH",0.5,0.615384615,NA,NA,0.277173913,0.545131485,0.428571429,0,0.576802508,0.419936939,0.357142857,0.5,43.4,0.31,34,710.2,177.55,59.57,70
"SEG26","SEG26",10,2,"SEG38","SCH",0.875,0.692307692,NA,NA,0.373626374,0.269406393,0.714285714,0,0.530172414,1,0.428571429,0.5,43.4,0.31,34,247.46,61.87,522.31,70
"SEG26","SEG26",11,2,"SEG21","SCH",0.375,0.384615385,NA,NA,1,0.545131485,0.285714286,0,0.702586207,0,0.071428571,1,43.4,0.31,34,247.46,61.87,522.31,70
"SEG26","SEG26",12,2,"SEG37","SCH",0.625,0.923076923,NA,NA,0.277173913,0.545131485,1,0,0.850574713,0.760381053,0.714285714,0.5,43.4,0.31,34,505.26,126.32,264.51,70
"SEG26","SEG26",13,2,"SEG49","SCH",0.5,0.692307692,NA,NA,1,0.495798319,0.619047619,0,0.793103448,0.372971036,0.357142857,0.5,43.4,0.31,34,426.34,106.58,343.43,70
"SEG26","SEG26",14,2,"SEG40","SCH",0.375,1,NA,NA,0.182795699,0.758125472,0.595238095,0,0.702586207,0.546630949,0.071428571,1,43.4,0.31,34,273.02,68.25,496.75,70
"SEG26","SEG26",15,2,"SEG36","SCH",1,0.538461538,NA,NA,0.472222222,0.312169312,0.69047619,0,0.551724138,0.769957214,0.75,0.5,43.4,0.31,34,247.46,61.87,522.31,70
"SEG26","SEG26",16,2,"SEG42","SCH",0.75,0.615384615,NA,NA,0.373626374,0.356136821,0.642857143,0,0.614420063,0.390824984,1,0,43.4,0.31,34,228.21,57.05,541.56,70
"SEG26","SEG26",4,2,"SEG28","SCH",1,0.461538462,NA,NA,0.573033708,0.269406393,0.404761905,1,0.32183908,0.440191246,0.464285714,1,43.4,0.31,34,316.8,79.2,452.97,70
"SEG26","SEG26",5,2,"SEG26","SCH",0.625,0.538461538,NA,NA,0.676136364,0.312169312,0.285714286,1,0.310344828,0.519362845,0.464285714,1,43.4,0.31,34,307.11,76.78,462.66,70
"SEG26","SEG26",6,2,"SEG15","SCH",0.625,0.461538462,NA,NA,0.573033708,0.269406393,0.142857143,1,0.130268199,0.332717589,0.464285714,1,43.4,0.31,34,257.38,64.34,512.39,70
"SEG26","SEG26",7,2,"SEG32","SCH",0.125,0.461538462,NA,NA,0.472222222,1,0.166666667,0,0.781609195,0.519370347,0,1,43.4,0.31,34,187.26,46.81,582.51,70
"SEG28","SEG28",9,3,"SEG48","SCH",0.5,0.615384615,NA,NA,0.277173913,0.545131485,0.428571429,0,0.576802508,0.419936939,0.357142857,0.5,19.9,0.96,48,989.91,247.48,108.95,71
"SEG28","SEG28",10,3,"SEG38","SCH",0.875,0.692307692,NA,NA,0.373626374,0.269406393,0.714285714,0,0.530172414,1,0.428571429,0.5,19.9,0.96,48,326.36,81.59,772.5,71
"SEG28","SEG28",11,3,"SEG21","SCH",0.375,0.384615385,NA,NA,1,0.545131485,0.285714286,0,0.702586207,0,0.071428571,1,19.9,0.96,48,326.36,81.59,772.5,71
"SEG28","SEG28",12,3,"SEG37","SCH",0.625,0.923076923,NA,NA,0.277173913,0.545131485,1,0,0.850574713,0.760381053,0.714285714,0.5,19.9,0.96,48,834.35,208.59,264.51,71
"SEG28","SEG28",13,3,"SEG49","SCH",0.5,0.692307692,NA,NA,1,0.495798319,0.619047619,0,0.793103448,0.372971036,0.357142857,0.5,19.9,0.96,48,755.43,188.86,343.43,71
"SEG28","SEG28",14,3,"SEG40","SCH",0.375,1,NA,NA,0.182795699,0.758125472,0.595238095,0,0.702586207,0.546630949,0.071428571,1,19.9,0.96,48,602.11,150.53,496.75,71
"SEG28","SEG28",15,3,"SEG36","SCH",1,0.538461538,NA,NA,0.472222222,0.312169312,0.69047619,0,0.551724138,0.769957214,0.75,0.5,19.9,0.96,48,341.07,85.27,757.79,71
"SEG28","SEG28",16,3,"SEG42","SCH",0.75,0.615384615,NA,NA,0.373626374,0.356136821,0.642857143,0,0.614420063,0.390824984,1,0,19.9,0.96,48,307.11,76.78,791.75,71
"SEG28","SEG28",4,3,"SEG28","SCH",1,0.461538462,NA,NA,0.573033708,0.269406393,0.404761905,1,0.32183908,0.440191246,0.464285714,1,19.9,0.96,48,480.12,120.03,618.74,71
"SEG28","SEG28",5,3,"SEG26","SCH",0.625,0.538461538,NA,NA,0.676136364,0.312169312,0.285714286,1,0.310344828,0.519362845,0.464285714,1,19.9,0.96,48,499.8,124.95,599.06,71
"SEG28","SEG28",6,3,"SEG15","SCH",0.625,0.461538462,NA,NA,0.573033708,0.269406393,0.142857143,1,0.130268199,0.332717589,0.464285714,1,19.9,0.96,48,436.79,109.2,662.07,71
"SEG28","SEG28",7,3,"SEG32","SCH",0.125,0.461538462,NA,NA,0.472222222,1,0.166666667,0,0.781609195,0.519370347,0,1,19.9,0.96,48,648.44,162.11,450.42,71
"SEG28","SEG28",8,3,"SEG17","SCH",0.5,0.538461538,NA,NA,0.277173913,0.4478951,0.238095238,0,0.317241379,0.228614564,0.714285714,0.5,19.9,0.96,48,1012.45,253.11,86.41,71
"SEG29","SEG29",9,3,"SEG48","SCH",0.5,0.615384615,NA,NA,0.277173913,0.545131485,0.428571429,0,0.576802508,0.419936939,0.357142857,0.5,19.9,0.62,48,989.91,247.48,108.95,72
"SEG29","SEG29",10,3,"SEG38","SCH",0.875,0.692307692,NA,NA,0.373626374,0.269406393,0.714285714,0,0.530172414,1,0.428571429,0.5,19.9,0.62,48,326.36,81.59,772.5,72
"SEG29","SEG29",11,3,"SEG21","SCH",0.375,0.384615385,NA,NA,1,0.545131485,0.285714286,0,0.702586207,0,0.071428571,1,19.9,0.62,48,326.36,81.59,772.5,72
"SEG29","SEG29",12,3,"SEG37","SCH",0.625,0.923076923,NA,NA,0.277173913,0.545131485,1,0,0.850574713,0.760381053,0.714285714,0.5,19.9,0.62,48,834.35,208.59,264.51,72
"SEG29","SEG29",13,3,"SEG49","SCH",0.5,0.692307692,NA,NA,1,0.495798319,0.619047619,0,0.793103448,0.372971036,0.357142857,0.5,19.9,0.62,48,755.43,188.86,343.43,72
"SEG29","SEG29",14,3,"SEG40","SCH",0.375,1,NA,NA,0.182795699,0.758125472,0.595238095,0,0.702586207,0.546630949,0.071428571,1,19.9,0.62,48,602.11,150.53,496.75,72
"SEG29","SEG29",15,3,"SEG36","SCH",1,0.538461538,NA,NA,0.472222222,0.312169312,0.69047619,0,0.551724138,0.769957214,0.75,0.5,19.9,0.62,48,341.07,85.27,757.79,72
"SEG29","SEG29",16,3,"SEG42","SCH",0.75,0.615384615,NA,NA,0.373626374,0.356136821,0.642857143,0,0.614420063,0.390824984,1,0,19.9,0.62,48,307.11,76.78,791.75,72
"SEG29","SEG29",4,3,"SEG28","SCH",1,0.461538462,NA,NA,0.573033708,0.269406393,0.404761905,1,0.32183908,0.440191246,0.464285714,1,19.9,0.62,48,480.12,120.03,618.74,72
"SEG29","SEG29",5,3,"SEG26","SCH",0.625,0.538461538,NA,NA,0.676136364,0.312169312,0.285714286,1,0.310344828,0.519362845,0.464285714,1,19.9,0.62,48,499.8,124.95,599.06,72
"SEG29","SEG29",6,3,"SEG15","SCH",0.625,0.461538462,NA,NA,0.573033708,0.269406393,0.142857143,1,0.130268199,0.332717589,0.464285714,1,19.9,0.62,48,436.79,109.2,662.07,72
"SEG29","SEG29",7,3,"SEG32","SCH",0.125,0.461538462,NA,NA,0.472222222,1,0.166666667,0,0.781609195,0.519370347,0,1,19.9,0.62,48,648.44,162.11,450.42,72
"SEG29","SEG29",8,3,"SEG17","SCH",0.5,0.538461538,NA,NA,0.277173913,0.4478951,0.238095238,0,0.317241379,0.228614564,0.714285714,0.5,19.9,0.62,48,1012.45,253.11,86.41,72
"SEG31","SEG31",9,3,"SEG48","SCH",0.5,0.615384615,NA,NA,0.277173913,0.545131485,0.428571429,0,0.576802508,0.419936939,0.357142857,0.5,32.44,4.68,45,972.05,243.01,105.87,73
"SEG31","SEG31",10,3,"SEG38","SCH",0.875,0.692307692,NA,NA,0.373626374,0.269406393,0.714285714,0,0.530172414,1,0.428571429,0.5,32.44,4.68,45,321.06,80.27,756.86,73
"SEG31","SEG31",11,3,"SEG21","SCH",0.375,0.384615385,NA,NA,1,0.545131485,0.285714286,0,0.702586207,0,0.071428571,1,32.44,4.68,45,321.06,80.27,756.86,73
"SEG31","SEG31",12,3,"SEG37","SCH",0.625,0.923076923,NA,NA,0.277173913,0.545131485,1,0,0.850574713,0.760381053,0.714285714,0.5,32.44,4.68,45,813.41,203.35,264.51,73
"SEG31","SEG31",13,3,"SEG49","SCH",0.5,0.692307692,NA,NA,1,0.495798319,0.619047619,0,0.793103448,0.372971036,0.357142857,0.5,32.44,4.68,45,734.49,183.62,343.43,73
"SEG31","SEG31",14,3,"SEG40","SCH",0.375,1,NA,NA,0.182795699,0.758125472,0.595238095,0,0.702586207,0.546630949,0.071428571,1,32.44,4.68,45,581.17,145.29,496.75,73
"SEG31","SEG31",15,3,"SEG36","SCH",1,0.538461538,NA,NA,0.472222222,0.312169312,0.69047619,0,0.551724138,0.769957214,0.75,0.5,32.44,4.68,45,321.06,80.27,756.86,73
"SEG31","SEG31",16,3,"SEG42","SCH",0.75,0.615384615,NA,NA,0.373626374,0.356136821,0.642857143,0,0.614420063,0.390824984,1,0,32.44,4.68,45,301.81,75.45,776.11,73
"SEG31","SEG31",4,3,"SEG28","SCH",1,0.461538462,NA,NA,0.573033708,0.269406393,0.404761905,1,0.32183908,0.440191246,0.464285714,1,32.44,4.68,45,471.93,117.98,605.99,73
"SEG31","SEG31",5,3,"SEG26","SCH",0.625,0.538461538,NA,NA,0.676136364,0.312169312,0.285714286,1,0.310344828,0.519362845,0.464285714,1,32.44,4.68,45,478.86,119.72,599.06,73
"SEG31","SEG31",6,3,"SEG15","SCH",0.625,0.461538462,NA,NA,0.573033708,0.269406393,0.142857143,1,0.130268199,0.332717589,0.464285714,1,32.44,4.68,45,415.85,103.96,662.07,73
"SEG31","SEG31",7,3,"SEG32","SCH",0.125,0.461538462,NA,NA,0.472222222,1,0.166666667,0,0.781609195,0.519370347,0,1,32.44,4.68,45,627.5,156.88,450.42,73
"SEG31","SEG31",8,3,"SEG17","SCH",0.5,0.538461538,NA,NA,0.277173913,0.4478951,0.238095238,0,0.317241379,0.228614564,0.714285714,0.5,32.44,4.68,45,995.55,248.89,82.37,73
"SEG32","SEG32",9,3,"SEG48","SCH",0.5,0.615384615,NA,NA,0.277173913,0.545131485,0.428571429,0,0.576802508,0.419936939,0.357142857,0.5,32.44,2.44,56,1058.59,264.65,121.3,74
"SEG32","SEG32",10,3,"SEG38","SCH",0.875,0.692307692,NA,NA,0.373626374,0.269406393,0.714285714,0,0.530172414,1,0.428571429,0.5,32.44,2.44,56,344.84,86.21,835.05,74
"SEG32","SEG32",11,3,"SEG21","SCH",0.375,0.384615385,NA,NA,1,0.545131485,0.285714286,0,0.702586207,0,0.071428571,1,32.44,2.44,56,344.84,86.21,835.05,74
"SEG32","SEG32",12,3,"SEG37","SCH",0.625,0.923076923,NA,NA,0.277173913,0.545131485,1,0,0.850574713,0.760381053,0.714285714,0.5,32.44,2.44,56,915.38,228.84,264.51,74
"SEG32","SEG32",13,3,"SEG49","SCH",0.5,0.692307692,NA,NA,1,0.495798319,0.619047619,0,0.793103448,0.372971036,0.357142857,0.5,32.44,2.44,56,836.46,209.11,343.43,74
"SEG32","SEG32",14,3,"SEG40","SCH",0.375,1,NA,NA,0.182795699,0.758125472,0.595238095,0,0.702586207,0.546630949,0.071428571,1,32.44,2.44,56,683.14,170.78,496.75,74
"SEG32","SEG32",15,3,"SEG36","SCH",1,0.538461538,NA,NA,0.472222222,0.312169312,0.69047619,0,0.551724138,0.769957214,0.75,0.5,32.44,2.44,56,422.1,105.52,757.79,74
"SEG32","SEG32",16,3,"SEG42","SCH",0.75,0.615384615,NA,NA,0.373626374,0.356136821,0.642857143,0,0.614420063,0.390824984,1,0,32.44,2.44,56,325.59,81.4,854.3,74
"SEG32","SEG32",4,3,"SEG28","SCH",1,0.461538462,NA,NA,0.573033708,0.269406393,0.404761905,1,0.32183908,0.440191246,0.464285714,1,32.44,2.44,56,522.91,130.73,656.98,74
"SEG32","SEG32",5,3,"SEG26","SCH",0.625,0.538461538,NA,NA,0.676136364,0.312169312,0.285714286,1,0.310344828,0.519362845,0.464285714,1,32.44,2.44,56,529.66,132.42,650.23,74
"SEG32","SEG32",6,3,"SEG15","SCH",0.625,0.461538462,NA,NA,0.573033708,0.269406393,0.142857143,1,0.130268199,0.332717589,0.464285714,1,32.44,2.44,56,461.7,115.42,718.19,74
"SEG32","SEG32",7,3,"SEG32","SCH",0.125,0.461538462,NA,NA,0.472222222,1,0.166666667,0,0.781609195,0.519370347,0,1,32.44,2.44,56,701.15,175.29,478.74,74
"SEG32","SEG32",8,3,"SEG17","SCH",0.5,0.538461538,NA,NA,0.277173913,0.4478951,0.238095238,0,0.317241379,0.228614564,0.714285714,0.5,32.44,2.44,56,1077.35,269.34,102.54,74
"SEG33","SEG33",9,3,"SEG48","SCH",0.5,0.615384615,NA,NA,0.277173913,0.545131485,0.428571429,0,0.576802508,0.419936939,0.357142857,0.5,8.17,3.55,37,816.84,204.21,78.09,75
"SEG33","SEG33",10,3,"SEG38","SCH",0.875,0.692307692,NA,NA,0.373626374,0.269406393,0.714285714,0,0.530172414,1,0.428571429,0.5,8.17,3.55,37,278.8,69.7,616.13,75
"SEG33","SEG33",11,3,"SEG21","SCH",0.375,0.384615385,NA,NA,1,0.545131485,0.285714286,0,0.702586207,0,0.071428571,1,8.17,3.55,37,278.8,69.7,616.13,75
"SEG33","SEG33",12,3,"SEG37","SCH",0.625,0.923076923,NA,NA,0.277173913,0.545131485,1,0,0.850574713,0.760381053,0.714285714,0.5,8.17,3.55,37,630.42,157.61,264.51,75
"SEG33","SEG33",13,3,"SEG49","SCH",0.5,0.692307692,NA,NA,1,0.495798319,0.619047619,0,0.793103448,0.372971036,0.357142857,0.5,8.17,3.55,37,551.5,137.88,343.43,75
"SEG33","SEG33",14,3,"SEG40","SCH",0.375,1,NA,NA,0.182795699,0.758125472,0.595238095,0,0.702586207,0.546630949,0.071428571,1,8.17,3.55,37,398.18,99.54,496.75,75
"SEG33","SEG33",15,3,"SEG36","SCH",1,0.538461538,NA,NA,0.472222222,0.312169312,0.69047619,0,0.551724138,0.769957214,0.75,0.5,8.17,3.55,37,278.8,69.7,616.13,75
"SEG33","SEG33",16,3,"SEG42","SCH",0.75,0.615384615,NA,NA,0.373626374,0.356136821,0.642857143,0,0.614420063,0.390824984,1,0,8.17,3.55,37,259.55,64.89,635.38,75
"SEG33","SEG33",4,3,"SEG28","SCH",1,0.461538462,NA,NA,0.573033708,0.269406393,0.404761905,1,0.32183908,0.440191246,0.464285714,1,8.17,3.55,37,378.19,94.55,516.74,75
"SEG33","SEG33",5,3,"SEG26","SCH",0.625,0.538461538,NA,NA,0.676136364,0.312169312,0.285714286,1,0.310344828,0.519362845,0.464285714,1,8.17,3.55,37,381.12,95.28,513.81,75
"SEG33","SEG33",6,3,"SEG15","SCH",0.625,0.461538462,NA,NA,0.573033708,0.269406393,0.142857143,1,0.130268199,0.332717589,0.464285714,1,8.17,3.55,37,326.41,81.6,568.52,75
"SEG33","SEG33",7,3,"SEG32","SCH",0.125,0.461538462,NA,NA,0.472222222,1,0.166666667,0,0.781609195,0.519370347,0,1,8.17,3.55,37,515.24,128.81,379.69,75
"SEG33","SEG33",8,3,"SEG17","SCH",0.5,0.538461538,NA,NA,0.277173913,0.4478951,0.238095238,0,0.317241379,0.228614564,0.714285714,0.5,8.17,3.55,37,848.86,212.22,46.07,75
"SEG34","SEG34",9,3,"SEG48","SCH",0.5,0.615384615,NA,NA,0.277173913,0.545131485,0.428571429,0,0.576802508,0.419936939,0.357142857,0.5,27.76,8.09,37,816.84,204.21,78.09,76
"SEG34","SEG34",10,3,"SEG38","SCH",0.875,0.692307692,NA,NA,0.373626374,0.269406393,0.714285714,0,0.530172414,1,0.428571429,0.5,27.76,8.09,37,278.8,69.7,616.13,76
"SEG34","SEG34",11,3,"SEG21","SCH",0.375,0.384615385,NA,NA,1,0.545131485,0.285714286,0,0.702586207,0,0.071428571,1,27.76,8.09,37,278.8,69.7,616.13,76
"SEG34","SEG34",12,3,"SEG37","SCH",0.625,0.923076923,NA,NA,0.277173913,0.545131485,1,0,0.850574713,0.760381053,0.714285714,0.5,27.76,8.09,37,630.42,157.61,264.51,76
"SEG34","SEG34",13,3,"SEG49","SCH",0.5,0.692307692,NA,NA,1,0.495798319,0.619047619,0,0.793103448,0.372971036,0.357142857,0.5,27.76,8.09,37,551.5,137.88,343.43,76
"SEG34","SEG34",14,3,"SEG40","SCH",0.375,1,NA,NA,0.182795699,0.758125472,0.595238095,0,0.702586207,0.546630949,0.071428571,1,27.76,8.09,37,398.18,99.54,496.75,76
"SEG34","SEG34",15,3,"SEG36","SCH",1,0.538461538,NA,NA,0.472222222,0.312169312,0.69047619,0,0.551724138,0.769957214,0.75,0.5,27.76,8.09,37,278.8,69.7,616.13,76
"SEG34","SEG34",16,3,"SEG42","SCH",0.75,0.615384615,NA,NA,0.373626374,0.356136821,0.642857143,0,0.614420063,0.390824984,1,0,27.76,8.09,37,259.55,64.89,635.38,76
"SEG34","SEG34",4,3,"SEG28","SCH",1,0.461538462,NA,NA,0.573033708,0.269406393,0.404761905,1,0.32183908,0.440191246,0.464285714,1,27.76,8.09,37,378.19,94.55,516.74,76
"SEG34","SEG34",5,3,"SEG26","SCH",0.625,0.538461538,NA,NA,0.676136364,0.312169312,0.285714286,1,0.310344828,0.519362845,0.464285714,1,27.76,8.09,37,381.12,95.28,513.81,76
"SEG34","SEG34",6,3,"SEG15","SCH",0.625,0.461538462,NA,NA,0.573033708,0.269406393,0.142857143,1,0.130268199,0.332717589,0.464285714,1,27.76,8.09,37,326.41,81.6,568.52,76
"SEG34","SEG34",7,3,"SEG32","SCH",0.125,0.461538462,NA,NA,0.472222222,1,0.166666667,0,0.781609195,0.519370347,0,1,27.76,8.09,37,515.24,128.81,379.69,76
"SEG34","SEG34",8,3,"SEG17","SCH",0.5,0.538461538,NA,NA,0.277173913,0.4478951,0.238095238,0,0.317241379,0.228614564,0.714285714,0.5,27.76,8.09,37,848.86,212.22,46.07,76
"SEG35","SEG35",9,3,"SEG48","SCH",0.5,0.615384615,NA,NA,0.277173913,0.545131485,0.428571429,0,0.576802508,0.419936939,0.357142857,0.5,27.76,2.47,40,937.72,234.43,99.69,77
"SEG35","SEG35",10,3,"SEG38","SCH",0.875,0.692307692,NA,NA,0.373626374,0.269406393,0.714285714,0,0.530172414,1,0.428571429,0.5,27.76,2.47,40,311.82,77.96,725.59,77
"SEG35","SEG35",11,3,"SEG21","SCH",0.375,0.384615385,NA,NA,1,0.545131485,0.285714286,0,0.702586207,0,0.071428571,1,27.76,2.47,40,311.82,77.96,725.59,77
"SEG35","SEG35",12,3,"SEG37","SCH",0.625,0.923076923,NA,NA,0.277173913,0.545131485,1,0,0.850574713,0.760381053,0.714285714,0.5,27.76,2.47,40,772.9,193.23,264.51,77
"SEG35","SEG35",13,3,"SEG49","SCH",0.5,0.692307692,NA,NA,1,0.495798319,0.619047619,0,0.793103448,0.372971036,0.357142857,0.5,27.76,2.47,40,693.98,173.5,343.43,77
"SEG35","SEG35",14,3,"SEG40","SCH",0.375,1,NA,NA,0.182795699,0.758125472,0.595238095,0,0.702586207,0.546630949,0.071428571,1,27.76,2.47,40,540.66,135.17,496.75,77
"SEG35","SEG35",15,3,"SEG36","SCH",1,0.538461538,NA,NA,0.472222222,0.312169312,0.69047619,0,0.551724138,0.769957214,0.75,0.5,27.76,2.47,40,311.82,77.96,725.59,77
"SEG35","SEG35",16,3,"SEG42","SCH",0.75,0.615384615,NA,NA,0.373626374,0.356136821,0.642857143,0,0.614420063,0.390824984,1,0,27.76,2.47,40,292.57,73.14,744.84,77
"SEG35","SEG35",4,3,"SEG28","SCH",1,0.461538462,NA,NA,0.573033708,0.269406393,0.404761905,1,0.32183908,0.440191246,0.464285714,1,27.76,2.47,40,456.92,114.23,580.49,77
"SEG35","SEG35",5,3,"SEG26","SCH",0.625,0.538461538,NA,NA,0.676136364,0.312169312,0.285714286,1,0.310344828,0.519362845,0.464285714,1,27.76,2.47,40,472.43,118.11,564.98,77
"SEG35","SEG35",6,3,"SEG15","SCH",0.625,0.461538462,NA,NA,0.573033708,0.269406393,0.142857143,1,0.130268199,0.332717589,0.464285714,1,27.76,2.47,40,412.77,103.19,624.64,77
"SEG35","SEG35",7,3,"SEG32","SCH",0.125,0.461538462,NA,NA,0.472222222,1,0.166666667,0,0.781609195,0.519370347,0,1,27.76,2.47,40,615.28,153.82,422.13,77
"SEG35","SEG35",8,3,"SEG17","SCH",0.5,0.538461538,NA,NA,0.277173913,0.4478951,0.238095238,0,0.317241379,0.228614564,0.714285714,0.5,27.76,2.47,40,963.1,240.78,74.31,77
"SEG36","SEG36",9,3,"SEG48","SCH",0.5,0.615384615,NA,NA,0.277173913,0.545131485,0.428571429,0,0.576802508,0.419936939,0.357142857,0.5,6.56,3.33,36,783.87,195.97,71.92,78
"SEG36","SEG36",10,3,"SEG38","SCH",0.875,0.692307692,NA,NA,0.373626374,0.269406393,0.714285714,0,0.530172414,1,0.428571429,0.5,6.56,3.33,36,270.93,67.73,584.86,78
"SEG36","SEG36",11,3,"SEG21","SCH",0.375,0.384615385,NA,NA,1,0.545131485,0.285714286,0,0.702586207,0,0.071428571,1,6.56,3.33,36,270.93,67.73,584.86,78
"SEG36","SEG36",12,3,"SEG37","SCH",0.625,0.923076923,NA,NA,0.277173913,0.545131485,1,0,0.850574713,0.760381053,0.714285714,0.5,6.56,3.33,36,591.28,147.82,264.51,78
"SEG36","SEG36",13,3,"SEG49","SCH",0.5,0.692307692,NA,NA,1,0.495798319,0.619047619,0,0.793103448,0.372971036,0.357142857,0.5,6.56,3.33,36,512.36,128.09,343.43,78
"SEG36","SEG36",14,3,"SEG40","SCH",0.375,1,NA,NA,0.182795699,0.758125472,0.595238095,0,0.702586207,0.546630949,0.071428571,1,6.56,3.33,36,359.04,89.76,496.75,78
"SEG36","SEG36",15,3,"SEG36","SCH",1,0.538461538,NA,NA,0.472222222,0.312169312,0.69047619,0,0.551724138,0.769957214,0.75,0.5,6.56,3.33,36,270.93,67.73,584.86,78
"SEG36","SEG36",16,3,"SEG42","SCH",0.75,0.615384615,NA,NA,0.373626374,0.356136821,0.642857143,0,0.614420063,0.390824984,1,0,6.56,3.33,36,251.68,62.92,604.11,78
"SEG36","SEG36",4,3,"SEG28","SCH",1,0.461538462,NA,NA,0.573033708,0.269406393,0.404761905,1,0.32183908,0.440191246,0.464285714,1,6.56,3.33,36,364.56,91.14,491.23,78
"SEG36","SEG36",5,3,"SEG26","SCH",0.625,0.538461538,NA,NA,0.676136364,0.312169312,0.285714286,1,0.310344828,0.519362845,0.464285714,1,6.56,3.33,36,359.02,89.75,496.77,78
"SEG36","SEG36",6,3,"SEG15","SCH",0.625,0.461538462,NA,NA,0.573033708,0.269406393,0.142857143,1,0.130268199,0.332717589,0.464285714,1,6.56,3.33,36,305.99,76.5,549.8,78
"SEG36","SEG36",7,3,"SEG32","SCH",0.125,0.461538462,NA,NA,0.472222222,1,0.166666667,0,0.781609195,0.519370347,0,1,6.56,3.33,36,490.27,122.57,365.52,78
"SEG36","SEG36",8,3,"SEG17","SCH",0.5,0.538461538,NA,NA,0.277173913,0.4478951,0.238095238,0,0.317241379,0.228614564,0.714285714,0.5,6.56,3.33,36,817.79,204.45,38,78
"SEG37","SEG37",12,1,"SEG37","SCH",0.625,0.923076923,NA,NA,0.277173913,0.545131485,1,0,0.850574713,0.760381053,0.714285714,0.5,18.16,4.37,21,284.67,71.17,165.36,79
"SEG37","SEG37",13,1,"SEG49","SCH",0.5,0.692307692,NA,NA,1,0.495798319,0.619047619,0,0.793103448,0.372971036,0.357142857,0.5,18.16,4.37,21,318.63,79.66,131.4,79
"SEG37","SEG37",14,1,"SEG40","SCH",0.375,1,NA,NA,0.182795699,0.758125472,0.595238095,0,0.702586207,0.546630949,0.071428571,1,18.16,4.37,21,318.63,79.66,131.4,79
"SEG37","SEG37",15,1,"SEG36","SCH",1,0.538461538,NA,NA,0.472222222,0.312169312,0.69047619,0,0.551724138,0.769957214,0.75,0.5,18.16,4.37,21,318.63,79.66,131.4,79
"SEG37","SEG37",16,1,"SEG42","SCH",0.75,0.615384615,NA,NA,0.373626374,0.356136821,0.642857143,0,0.614420063,0.390824984,1,0,18.16,4.37,21,299.38,74.84,150.65,79
"SEG37","SEG37",4,1,"SEG28","SCH",1,0.461538462,NA,NA,0.573033708,0.269406393,0.404761905,1,0.32183908,0.440191246,0.464285714,1,18.16,4.37,21,252.07,63.02,197.96,79
"SEG37","SEG37",5,1,"SEG26","SCH",0.625,0.538461538,NA,NA,0.676136364,0.312169312,0.285714286,1,0.310344828,0.519362845,0.464285714,1,18.16,4.37,21,44.19,11.05,405.84,79
"SEG37","SEG37",6,1,"SEG15","SCH",0.625,0.461538462,NA,NA,0.573033708,0.269406393,0.142857143,1,0.130268199,0.332717589,0.464285714,1,18.16,4.37,21,0,0,450.03,79
"SEG37","SEG37",7,1,"SEG32","SCH",0.125,0.461538462,NA,NA,0.472222222,1,0.166666667,0,0.781609195,0.519370347,0,1,18.16,4.37,21,150.54,37.63,299.49,79
"SEG38","SEG38",9,2,"SEG48","SCH",0.5,0.615384615,NA,NA,0.277173913,0.545131485,0.428571429,0,0.576802508,0.419936939,0.357142857,0.5,3.32,2.1,34,710.2,177.55,59.57,80
"SEG38","SEG38",10,2,"SEG38","SCH",0.875,0.692307692,NA,NA,0.373626374,0.269406393,0.714285714,0,0.530172414,1,0.428571429,0.5,3.32,2.1,34,247.46,61.87,522.31,80
"SEG38","SEG38",11,2,"SEG21","SCH",0.375,0.384615385,NA,NA,1,0.545131485,0.285714286,0,0.702586207,0,0.071428571,1,3.32,2.1,34,247.46,61.87,522.31,80
"SEG38","SEG38",12,2,"SEG37","SCH",0.625,0.923076923,NA,NA,0.277173913,0.545131485,1,0,0.850574713,0.760381053,0.714285714,0.5,3.32,2.1,34,505.26,126.32,264.51,80
"SEG38","SEG38",13,2,"SEG49","SCH",0.5,0.692307692,NA,NA,1,0.495798319,0.619047619,0,0.793103448,0.372971036,0.357142857,0.5,3.32,2.1,34,426.34,106.58,343.43,80
"SEG38","SEG38",14,2,"SEG40","SCH",0.375,1,NA,NA,0.182795699,0.758125472,0.595238095,0,0.702586207,0.546630949,0.071428571,1,3.32,2.1,34,273.02,68.25,496.75,80
"SEG38","SEG38",15,2,"SEG36","SCH",1,0.538461538,NA,NA,0.472222222,0.312169312,0.69047619,0,0.551724138,0.769957214,0.75,0.5,3.32,2.1,34,247.46,61.87,522.31,80
"SEG38","SEG38",16,2,"SEG42","SCH",0.75,0.615384615,NA,NA,0.373626374,0.356136821,0.642857143,0,0.614420063,0.390824984,1,0,3.32,2.1,34,228.21,57.05,541.56,80
"SEG38","SEG38",4,2,"SEG28","SCH",1,0.461538462,NA,NA,0.573033708,0.269406393,0.404761905,1,0.32183908,0.440191246,0.464285714,1,3.32,2.1,34,316.8,79.2,452.97,80
"SEG38","SEG38",5,2,"SEG26","SCH",0.625,0.538461538,NA,NA,0.676136364,0.312169312,0.285714286,1,0.310344828,0.519362845,0.464285714,1,3.32,2.1,34,307.11,76.78,462.66,80
"SEG38","SEG38",6,2,"SEG15","SCH",0.625,0.461538462,NA,NA,0.573033708,0.269406393,0.142857143,1,0.130268199,0.332717589,0.464285714,1,3.32,2.1,34,257.38,64.34,512.39,80
"SEG38","SEG38",7,2,"SEG32","SCH",0.125,0.461538462,NA,NA,0.472222222,1,0.166666667,0,0.781609195,0.519370347,0,1,3.32,2.1,34,187.26,46.81,582.51,80
"SEG38","SEG38",8,2,"SEG17","SCH",0.5,0.538461538,NA,NA,0.277173913,0.4478951,0.238095238,0,0.317241379,0.228614564,0.714285714,0.5,3.32,2.1,34,747.9,186.98,21.87,80
"SEG39","SEG39",9,2,"SEG48","SCH",0.5,0.615384615,NA,NA,0.277173913,0.545131485,0.428571429,0,0.576802508,0.419936939,0.357142857,0.5,11.76,1.74,34,710.2,177.55,59.57,81
"SEG39","SEG39",10,2,"SEG38","SCH",0.875,0.692307692,NA,NA,0.373626374,0.269406393,0.714285714,0,0.530172414,1,0.428571429,0.5,11.76,1.74,34,247.46,61.87,522.31,81
"SEG39","SEG39",11,2,"SEG21","SCH",0.375,0.384615385,NA,NA,1,0.545131485,0.285714286,0,0.702586207,0,0.071428571,1,11.76,1.74,34,247.46,61.87,522.31,81
"SEG39","SEG39",12,2,"SEG37","SCH",0.625,0.923076923,NA,NA,0.277173913,0.545131485,1,0,0.850574713,0.760381053,0.714285714,0.5,11.76,1.74,34,505.26,126.32,264.51,81
"SEG39","SEG39",13,2,"SEG49","SCH",0.5,0.692307692,NA,NA,1,0.495798319,0.619047619,0,0.793103448,0.372971036,0.357142857,0.5,11.76,1.74,34,426.34,106.58,343.43,81
"SEG39","SEG39",14,2,"SEG40","SCH",0.375,1,NA,NA,0.182795699,0.758125472,0.595238095,0,0.702586207,0.546630949,0.071428571,1,11.76,1.74,34,273.02,68.25,496.75,81
"SEG39","SEG39",15,2,"SEG36","SCH",1,0.538461538,NA,NA,0.472222222,0.312169312,0.69047619,0,0.551724138,0.769957214,0.75,0.5,11.76,1.74,34,247.46,61.87,522.31,81
"SEG39","SEG39",16,2,"SEG42","SCH",0.75,0.615384615,NA,NA,0.373626374,0.356136821,0.642857143,0,0.614420063,0.390824984,1,0,11.76,1.74,34,228.21,57.05,541.56,81
"SEG39","SEG39",4,2,"SEG28","SCH",1,0.461538462,NA,NA,0.573033708,0.269406393,0.404761905,1,0.32183908,0.440191246,0.464285714,1,11.76,1.74,34,316.8,79.2,452.97,81
"SEG39","SEG39",5,2,"SEG26","SCH",0.625,0.538461538,NA,NA,0.676136364,0.312169312,0.285714286,1,0.310344828,0.519362845,0.464285714,1,11.76,1.74,34,307.11,76.78,462.66,81
"SEG39","SEG39",6,2,"SEG15","SCH",0.625,0.461538462,NA,NA,0.573033708,0.269406393,0.142857143,1,0.130268199,0.332717589,0.464285714,1,11.76,1.74,34,257.38,64.34,512.39,81
"SEG39","SEG39",7,2,"SEG32","SCH",0.125,0.461538462,NA,NA,0.472222222,1,0.166666667,0,0.781609195,0.519370347,0,1,11.76,1.74,34,187.26,46.81,582.51,81
"SEG39","SEG39",8,2,"SEG17","SCH",0.5,0.538461538,NA,NA,0.277173913,0.4478951,0.238095238,0,0.317241379,0.228614564,0.714285714,0.5,11.76,1.74,34,747.9,186.98,21.87,81
"SEG40","SEG40",12,1,"SEG37","SCH",0.625,0.923076923,NA,NA,0.277173913,0.545131485,1,0,0.850574713,0.760381053,0.714285714,0.5,16.62,3.88,25,310.23,77.56,264.51,82
"SEG40","SEG40",13,1,"SEG49","SCH",0.5,0.692307692,NA,NA,1,0.495798319,0.619047619,0,0.793103448,0.372971036,0.357142857,0.5,16.62,3.88,25,318.25,79.56,256.49,82
"SEG40","SEG40",14,1,"SEG40","SCH",0.375,1,NA,NA,0.182795699,0.758125472,0.595238095,0,0.702586207,0.546630949,0.071428571,1,16.62,3.88,25,318.25,79.56,256.49,82
"SEG40","SEG40",15,1,"SEG36","SCH",1,0.538461538,NA,NA,0.472222222,0.312169312,0.69047619,0,0.551724138,0.769957214,0.75,0.5,16.62,3.88,25,318.25,79.56,256.49,82
"SEG40","SEG40",16,1,"SEG42","SCH",0.75,0.615384615,NA,NA,0.373626374,0.356136821,0.642857143,0,0.614420063,0.390824984,1,0,16.62,3.88,25,299,74.75,275.74,82
"SEG40","SEG40",4,1,"SEG28","SCH",1,0.461538462,NA,NA,0.573033708,0.269406393,0.404761905,1,0.32183908,0.440191246,0.464285714,1,16.62,3.88,25,300.26,75.06,274.48,82
"SEG40","SEG40",5,1,"SEG26","SCH",0.625,0.538461538,NA,NA,0.676136364,0.312169312,0.285714286,1,0.310344828,0.519362845,0.464285714,1,16.62,3.88,25,55.24,13.81,519.5,82
"SEG40","SEG40",6,1,"SEG15","SCH",0.625,0.461538462,NA,NA,0.573033708,0.269406393,0.142857143,1,0.130268199,0.332717589,0.464285714,1,16.62,3.88,25,0,0,574.74,82
"SEG40","SEG40",7,1,"SEG32","SCH",0.125,0.461538462,NA,NA,0.472222222,1,0.166666667,0,0.781609195,0.519370347,0,1,16.62,3.88,25,180.92,45.23,393.82,82
"SEG41","SEG41",9,3,"SEG48","SCH",0.5,0.615384615,NA,NA,0.277173913,0.545131485,0.428571429,0,0.576802508,0.419936939,0.357142857,0.5,8.11,0.98,39,885.53,221.38,90.43,83
"SEG41","SEG41",10,3,"SEG38","SCH",0.875,0.692307692,NA,NA,0.373626374,0.269406393,0.714285714,0,0.530172414,1,0.428571429,0.5,8.11,0.98,39,297.28,74.32,678.68,83
"SEG41","SEG41",11,3,"SEG21","SCH",0.375,0.384615385,NA,NA,1,0.545131485,0.285714286,0,0.702586207,0,0.071428571,1,8.11,0.98,39,297.28,74.32,678.68,83
"SEG41","SEG41",12,3,"SEG37","SCH",0.625,0.923076923,NA,NA,0.277173913,0.545131485,1,0,0.850574713,0.760381053,0.714285714,0.5,8.11,0.98,39,711.45,177.86,264.51,83
"SEG41","SEG41",13,3,"SEG49","SCH",0.5,0.692307692,NA,NA,1,0.495798319,0.619047619,0,0.793103448,0.372971036,0.357142857,0.5,8.11,0.98,39,632.53,158.13,343.43,83
"SEG41","SEG41",14,3,"SEG40","SCH",0.375,1,NA,NA,0.182795699,0.758125472,0.595238095,0,0.702586207,0.546630949,0.071428571,1,8.11,0.98,39,479.21,119.8,496.75,83
"SEG41","SEG41",15,3,"SEG36","SCH",1,0.538461538,NA,NA,0.472222222,0.312169312,0.69047619,0,0.551724138,0.769957214,0.75,0.5,8.11,0.98,39,297.28,74.32,678.68,83
"SEG41","SEG41",16,3,"SEG42","SCH",0.75,0.615384615,NA,NA,0.373626374,0.356136821,0.642857143,0,0.614420063,0.390824984,1,0,8.11,0.98,39,278.03,69.51,697.93,83
"SEG41","SEG41",4,3,"SEG28","SCH",1,0.461538462,NA,NA,0.573033708,0.269406393,0.404761905,1,0.32183908,0.440191246,0.464285714,1,8.11,0.98,39,420.98,105.25,554.98,83
"SEG41","SEG41",5,3,"SEG26","SCH",0.625,0.538461538,NA,NA,0.676136364,0.312169312,0.285714286,1,0.310344828,0.519362845,0.464285714,1,8.11,0.98,39,428.04,107.01,547.92,83
"SEG41","SEG41",6,3,"SEG15","SCH",0.625,0.461538462,NA,NA,0.573033708,0.269406393,0.142857143,1,0.130268199,0.332717589,0.464285714,1,8.11,0.98,39,370.02,92.5,605.94,83
"SEG41","SEG41",7,3,"SEG32","SCH",0.125,0.461538462,NA,NA,0.472222222,1,0.166666667,0,0.781609195,0.519370347,0,1,8.11,0.98,39,567.98,142,407.98,83
"SEG41","SEG41",8,3,"SEG17","SCH",0.5,0.538461538,NA,NA,0.277173913,0.4478951,0.238095238,0,0.317241379,0.228614564,0.714285714,0.5,8.11,0.98,39,913.75,228.44,62.21,83
"SEG42","SEG42",9,2,"SEG48","SCH",0.5,0.615384615,NA,NA,0.277173913,0.545131485,0.428571429,0,0.576802508,0.419936939,0.357142857,0.5,10.93,4.01,29,670.78,167.7,28.7,84
"SEG42","SEG42",10,2,"SEG38","SCH",0.875,0.692307692,NA,NA,0.373626374,0.269406393,0.714285714,0,0.530172414,1,0.428571429,0.5,10.93,4.01,29,333.53,83.38,365.95,84
"SEG42","SEG42",11,2,"SEG21","SCH",0.375,0.384615385,NA,NA,1,0.545131485,0.285714286,0,0.702586207,0,0.071428571,1,10.93,4.01,29,333.53,83.38,365.95,84
"SEG42","SEG42",12,2,"SEG37","SCH",0.625,0.923076923,NA,NA,0.277173913,0.545131485,1,0,0.850574713,0.760381053,0.714285714,0.5,10.93,4.01,29,434.97,108.74,264.51,84
"SEG42","SEG42",13,2,"SEG49","SCH",0.5,0.692307692,NA,NA,1,0.495798319,0.619047619,0,0.793103448,0.372971036,0.357142857,0.5,10.93,4.01,29,356.05,89.01,343.43,84
"SEG42","SEG42",14,2,"SEG40","SCH",0.375,1,NA,NA,0.182795699,0.758125472,0.595238095,0,0.702586207,0.546630949,0.071428571,1,10.93,4.01,29,333.53,83.38,365.95,84
"SEG42","SEG42",15,2,"SEG36","SCH",1,0.538461538,NA,NA,0.472222222,0.312169312,0.69047619,0,0.551724138,0.769957214,0.75,0.5,10.93,4.01,29,333.53,83.38,365.95,84
"SEG42","SEG42",16,2,"SEG42","SCH",0.75,0.615384615,NA,NA,0.373626374,0.356136821,0.642857143,0,0.614420063,0.390824984,1,0,10.93,4.01,29,314.28,78.57,385.2,84
"SEG42","SEG42",4,2,"SEG28","SCH",1,0.461538462,NA,NA,0.573033708,0.269406393,0.404761905,1,0.32183908,0.440191246,0.464285714,1,10.93,4.01,29,348.51,87.13,350.97,84
"SEG42","SEG42",5,2,"SEG26","SCH",0.625,0.538461538,NA,NA,0.676136364,0.312169312,0.285714286,1,0.310344828,0.519362845,0.464285714,1,10.93,4.01,29,66.31,16.58,633.17,84
"SEG42","SEG42",6,2,"SEG15","SCH",0.625,0.461538462,NA,NA,0.573033708,0.269406393,0.142857143,1,0.130268199,0.332717589,0.464285714,1,10.93,4.01,29,0,0,699.48,84
"SEG42","SEG42",7,2,"SEG32","SCH",0.125,0.461538462,NA,NA,0.472222222,1,0.166666667,0,0.781609195,0.519370347,0,1,10.93,4.01,29,211.29,52.82,488.19,84
"SEG42","SEG42",8,2,"SEG17","SCH",0.5,0.538461538,NA,NA,0.277173913,0.4478951,0.238095238,0,0.317241379,0.228614564,0.714285714,0.5,10.93,4.01,29,717.95,179.49,-18.47,84
"SEG43","SEG43",12,1,"SEG37","SCH",0.625,0.923076923,NA,NA,0.277173913,0.545131485,1,0,0.850574713,0.760381053,0.714285714,0.5,9.72,2.82,23,284.49,71.12,227.9,85
"SEG43","SEG43",13,1,"SEG49","SCH",0.5,0.692307692,NA,NA,1,0.495798319,0.619047619,0,0.793103448,0.372971036,0.357142857,0.5,9.72,2.82,23,318.45,79.61,193.94,85
"SEG43","SEG43",14,1,"SEG40","SCH",0.375,1,NA,NA,0.182795699,0.758125472,0.595238095,0,0.702586207,0.546630949,0.071428571,1,9.72,2.82,23,318.45,79.61,193.94,85
"SEG43","SEG43",15,1,"SEG36","SCH",1,0.538461538,NA,NA,0.472222222,0.312169312,0.69047619,0,0.551724138,0.769957214,0.75,0.5,9.72,2.82,23,318.45,79.61,193.94,85
"SEG43","SEG43",16,1,"SEG42","SCH",0.75,0.615384615,NA,NA,0.373626374,0.356136821,0.642857143,0,0.614420063,0.390824984,1,0,9.72,2.82,23,299.2,74.8,213.19,85
"SEG43","SEG43",4,1,"SEG28","SCH",1,0.461538462,NA,NA,0.573033708,0.269406393,0.404761905,1,0.32183908,0.440191246,0.464285714,1,9.72,2.82,23,276.17,69.04,236.22,85
"SEG43","SEG43",5,1,"SEG26","SCH",0.625,0.538461538,NA,NA,0.676136364,0.312169312,0.285714286,1,0.310344828,0.519362845,0.464285714,1,9.72,2.82,23,49.73,12.43,462.66,85
"SEG43","SEG43",6,1,"SEG15","SCH",0.625,0.461538462,NA,NA,0.573033708,0.269406393,0.142857143,1,0.130268199,0.332717589,0.464285714,1,9.72,2.82,23,0,0,512.39,85
"SEG43","SEG43",7,1,"SEG32","SCH",0.125,0.461538462,NA,NA,0.472222222,1,0.166666667,0,0.781609195,0.519370347,0,1,9.72,2.82,23,165.73,41.43,346.66,85
"SEG46","SEG46",9,3,"SEG48","SCH",0.5,0.615384615,NA,NA,0.277173913,0.545131485,0.428571429,0,0.576802508,0.419936939,0.357142857,0.5,3.34,1.67,41,937.72,234.43,99.69,86
"SEG46","SEG46",10,3,"SEG38","SCH",0.875,0.692307692,NA,NA,0.373626374,0.269406393,0.714285714,0,0.530172414,1,0.428571429,0.5,3.34,1.67,41,311.82,77.96,725.59,86
"SEG46","SEG46",11,3,"SEG21","SCH",0.375,0.384615385,NA,NA,1,0.545131485,0.285714286,0,0.702586207,0,0.071428571,1,3.34,1.67,41,311.82,77.96,725.59,86
"SEG46","SEG46",12,3,"SEG37","SCH",0.625,0.923076923,NA,NA,0.277173913,0.545131485,1,0,0.850574713,0.760381053,0.714285714,0.5,3.34,1.67,41,772.9,193.23,264.51,86
"SEG46","SEG46",13,3,"SEG49","SCH",0.5,0.692307692,NA,NA,1,0.495798319,0.619047619,0,0.793103448,0.372971036,0.357142857,0.5,3.34,1.67,41,693.98,173.5,343.43,86
"SEG46","SEG46",14,3,"SEG40","SCH",0.375,1,NA,NA,0.182795699,0.758125472,0.595238095,0,0.702586207,0.546630949,0.071428571,1,3.34,1.67,41,540.66,135.17,496.75,86
"SEG46","SEG46",15,3,"SEG36","SCH",1,0.538461538,NA,NA,0.472222222,0.312169312,0.69047619,0,0.551724138,0.769957214,0.75,0.5,3.34,1.67,41,311.82,77.96,725.59,86
"SEG46","SEG46",16,3,"SEG42","SCH",0.75,0.615384615,NA,NA,0.373626374,0.356136821,0.642857143,0,0.614420063,0.390824984,1,0,3.34,1.67,41,292.57,73.14,744.84,86
"SEG46","SEG46",4,3,"SEG28","SCH",1,0.461538462,NA,NA,0.573033708,0.269406393,0.404761905,1,0.32183908,0.440191246,0.464285714,1,3.34,1.67,41,456.92,114.23,580.49,86
"SEG46","SEG46",5,3,"SEG26","SCH",0.625,0.538461538,NA,NA,0.676136364,0.312169312,0.285714286,1,0.310344828,0.519362845,0.464285714,1,3.34,1.67,41,455.39,113.85,582.02,86
"SEG46","SEG46",6,3,"SEG15","SCH",0.625,0.461538462,NA,NA,0.573033708,0.269406393,0.142857143,1,0.130268199,0.332717589,0.464285714,1,3.34,1.67,41,394.06,98.52,643.35,86
"SEG46","SEG46",7,3,"SEG32","SCH",0.125,0.461538462,NA,NA,0.472222222,1,0.166666667,0,0.781609195,0.519370347,0,1,3.34,1.67,41,601.12,150.28,436.29,86
"SEG46","SEG46",8,3,"SEG17","SCH",0.5,0.538461538,NA,NA,0.277173913,0.4478951,0.238095238,0,0.317241379,0.228614564,0.714285714,0.5,3.34,1.67,41,963.1,240.78,74.31,86
"SEG47","SEG47",9,3,"SEG48","SCH",0.5,0.615384615,NA,NA,0.277173913,0.545131485,0.428571429,0,0.576802508,0.419936939,0.357142857,0.5,10.08,4.99,36,783.87,195.97,71.92,87
"SEG47","SEG47",10,3,"SEG38","SCH",0.875,0.692307692,NA,NA,0.373626374,0.269406393,0.714285714,0,0.530172414,1,0.428571429,0.5,10.08,4.99,36,270.93,67.73,584.86,87
"SEG47","SEG47",11,3,"SEG21","SCH",0.375,0.384615385,NA,NA,1,0.545131485,0.285714286,0,0.702586207,0,0.071428571,1,10.08,4.99,36,270.93,67.73,584.86,87
"SEG47","SEG47",12,3,"SEG37","SCH",0.625,0.923076923,NA,NA,0.277173913,0.545131485,1,0,0.850574713,0.760381053,0.714285714,0.5,10.08,4.99,36,591.28,147.82,264.51,87
"SEG47","SEG47",13,3,"SEG49","SCH",0.5,0.692307692,NA,NA,1,0.495798319,0.619047619,0,0.793103448,0.372971036,0.357142857,0.5,10.08,4.99,36,512.36,128.09,343.43,87
"SEG47","SEG47",14,3,"SEG40","SCH",0.375,1,NA,NA,0.182795699,0.758125472,0.595238095,0,0.702586207,0.546630949,0.071428571,1,10.08,4.99,36,359.04,89.76,496.75,87
"SEG47","SEG47",15,3,"SEG36","SCH",1,0.538461538,NA,NA,0.472222222,0.312169312,0.69047619,0,0.551724138,0.769957214,0.75,0.5,10.08,4.99,36,270.93,67.73,584.86,87
"SEG47","SEG47",16,3,"SEG42","SCH",0.75,0.615384615,NA,NA,0.373626374,0.356136821,0.642857143,0,0.614420063,0.390824984,1,0,10.08,4.99,36,251.68,62.92,604.11,87
"SEG47","SEG47",4,3,"SEG28","SCH",1,0.461538462,NA,NA,0.573033708,0.269406393,0.404761905,1,0.32183908,0.440191246,0.464285714,1,10.08,4.99,36,364.56,91.14,491.23,87
"SEG47","SEG47",5,3,"SEG26","SCH",0.625,0.538461538,NA,NA,0.676136364,0.312169312,0.285714286,1,0.310344828,0.519362845,0.464285714,1,10.08,4.99,36,359.02,89.75,496.77,87
"SEG47","SEG47",6,3,"SEG15","SCH",0.625,0.461538462,NA,NA,0.573033708,0.269406393,0.142857143,1,0.130268199,0.332717589,0.464285714,1,10.08,4.99,36,305.99,76.5,549.8,87
"SEG47","SEG47",7,3,"SEG32","SCH",0.125,0.461538462,NA,NA,0.472222222,1,0.166666667,0,0.781609195,0.519370347,0,1,10.08,4.99,36,490.27,122.57,365.52,87
"SEG47","SEG47",8,3,"SEG17","SCH",0.5,0.538461538,NA,NA,0.277173913,0.4478951,0.238095238,0,0.317241379,0.228614564,0.714285714,0.5,10.08,4.99,36,817.79,204.45,38,87
"SEG48","SEG48",9,3,"SEG48","SCH",0.5,0.615384615,NA,NA,0.277173913,0.545131485,0.428571429,0,0.576802508,0.419936939,0.357142857,0.5,42.2,1.02,37,816.84,204.21,78.09,88
"SEG48","SEG48",10,3,"SEG38","SCH",0.875,0.692307692,NA,NA,0.373626374,0.269406393,0.714285714,0,0.530172414,1,0.428571429,0.5,42.2,1.02,37,278.8,69.7,616.13,88
"SEG48","SEG48",11,3,"SEG21","SCH",0.375,0.384615385,NA,NA,1,0.545131485,0.285714286,0,0.702586207,0,0.071428571,1,42.2,1.02,37,278.8,69.7,616.13,88
"SEG48","SEG48",12,3,"SEG37","SCH",0.625,0.923076923,NA,NA,0.277173913,0.545131485,1,0,0.850574713,0.760381053,0.714285714,0.5,42.2,1.02,37,630.42,157.61,264.51,88
"SEG48","SEG48",13,3,"SEG49","SCH",0.5,0.692307692,NA,NA,1,0.495798319,0.619047619,0,0.793103448,0.372971036,0.357142857,0.5,42.2,1.02,37,551.5,137.88,343.43,88
"SEG48","SEG48",14,3,"SEG40","SCH",0.375,1,NA,NA,0.182795699,0.758125472,0.595238095,0,0.702586207,0.546630949,0.071428571,1,42.2,1.02,37,398.18,99.54,496.75,88
"SEG48","SEG48",15,3,"SEG36","SCH",1,0.538461538,NA,NA,0.472222222,0.312169312,0.69047619,0,0.551724138,0.769957214,0.75,0.5,42.2,1.02,37,278.8,69.7,616.13,88
"SEG48","SEG48",16,3,"SEG42","SCH",0.75,0.615384615,NA,NA,0.373626374,0.356136821,0.642857143,0,0.614420063,0.390824984,1,0,42.2,1.02,37,259.55,64.89,635.38,88
"SEG48","SEG48",4,3,"SEG28","SCH",1,0.461538462,NA,NA,0.573033708,0.269406393,0.404761905,1,0.32183908,0.440191246,0.464285714,1,42.2,1.02,37,378.19,94.55,516.74,88
"SEG48","SEG48",5,3,"SEG26","SCH",0.625,0.538461538,NA,NA,0.676136364,0.312169312,0.285714286,1,0.310344828,0.519362845,0.464285714,1,42.2,1.02,37,381.12,95.28,513.81,88
"SEG48","SEG48",6,3,"SEG15","SCH",0.625,0.461538462,NA,NA,0.573033708,0.269406393,0.142857143,1,0.130268199,0.332717589,0.464285714,1,42.2,1.02,37,326.41,81.6,568.52,88
"SEG48","SEG48",7,3,"SEG32","SCH",0.125,0.461538462,NA,NA,0.472222222,1,0.166666667,0,0.781609195,0.519370347,0,1,42.2,1.02,37,515.24,128.81,379.69,88
"SEG48","SEG48",8,3,"SEG17","SCH",0.5,0.538461538,NA,NA,0.277173913,0.4478951,0.238095238,0,0.317241379,0.228614564,0.714285714,0.5,42.2,1.02,37,848.86,212.22,46.07,88
"SEG49","SEG49",12,1,"SEG37","SCH",0.625,0.923076923,NA,NA,0.277173913,0.545131485,1,0,0.850574713,0.760381053,0.714285714,0.5,10.53,1.39,26,341.43,85.36,264.51,89
"SEG49","SEG49",13,1,"SEG49","SCH",0.5,0.692307692,NA,NA,1,0.495798319,0.619047619,0,0.793103448,0.372971036,0.357142857,0.5,10.53,1.39,26,333.81,83.45,272.13,89
"SEG49","SEG49",14,1,"SEG40","SCH",0.375,1,NA,NA,0.182795699,0.758125472,0.595238095,0,0.702586207,0.546630949,0.071428571,1,10.53,1.39,26,333.81,83.45,272.13,89
"SEG49","SEG49",15,1,"SEG36","SCH",1,0.538461538,NA,NA,0.472222222,0.312169312,0.69047619,0,0.551724138,0.769957214,0.75,0.5,10.53,1.39,26,333.81,83.45,272.13,89
"SEG49","SEG49",16,1,"SEG42","SCH",0.75,0.615384615,NA,NA,0.373626374,0.356136821,0.642857143,0,0.614420063,0.390824984,1,0,10.53,1.39,26,314.56,78.64,291.38,89
"SEG49","SEG49",4,1,"SEG28","SCH",1,0.461538462,NA,NA,0.573033708,0.269406393,0.404761905,1,0.32183908,0.440191246,0.464285714,1,10.53,1.39,26,305.98,76.5,299.96,89
"SEG49","SEG49",5,1,"SEG26","SCH",0.625,0.538461538,NA,NA,0.676136364,0.312169312,0.285714286,1,0.310344828,0.519362845,0.464285714,1,10.53,1.39,26,58.02,14.51,547.92,89
"SEG49","SEG49",6,1,"SEG15","SCH",0.625,0.461538462,NA,NA,0.573033708,0.269406393,0.142857143,1,0.130268199,0.332717589,0.464285714,1,10.53,1.39,26,0,0,605.94,89
"SEG49","SEG49",7,1,"SEG32","SCH",0.125,0.461538462,NA,NA,0.472222222,1,0.166666667,0,0.781609195,0.519370347,0,1,10.53,1.39,26,188.52,47.13,417.42,89
