site_id,id,region,epid,measure_id,glz_class,epid_assigned,n_lepi,n_plant,av_reg_dist_lepi_pa,av_reg_dist_plant_pa,sum_troph_int_pa,n_unique_int_pa,connectance_pa,z_score_nest_pa,sum_crops_pa,n_crop_pests_pa,sizemanagementunit_ha,slope,glz,oc_ha,oc_0.25ha,p_ha,optimisation,ecovalue,cost,budget
SEG1,av_reg_dist_lepi_pa_SEG01,SCH,SEG01,11,3,SEG21,0.375,0.384615385,1,0.545131485,0.285714286,0,0.702586207,0,0.071428571,1,23,0.42,45,321.06,80.27,756.86,av_reg_dist_lepi_pa,1,80.27,3149
SEG2,av_reg_dist_lepi_pa_SEG02,SCH,SEG02,11,3,SEG21,0.375,0.384615385,1,0.545131485,0.285714286,0,0.702586207,0,0.071428571,1,45,0.06,47,326.36,81.59,772.5,av_reg_dist_lepi_pa,1,81.59,3149
SEG3,av_reg_dist_lepi_pa_SEG03,SCH,SEG03,11,3,SEG21,0.375,0.384615385,1,0.545131485,0.285714286,0,0.702586207,0,0.071428571,1,30.4,0.35,45,321.06,80.27,756.86,av_reg_dist_lepi_pa,1,80.27,3149
SEG4,av_reg_dist_lepi_pa_SEG04,SCH,SEG04,13,1,SEG49,0.5,0.692307692,1,0.495798319,0.619047619,0,0.793103448,0.372971036,0.357142857,0.5,71.5,0.35,24,318.35,79.59,225.22,av_reg_dist_lepi_pa,1,79.59,3149
SEG5,av_reg_dist_lepi_pa_SEG05,SCH,SEG05,11,3,SEG21,0.375,0.384615385,1,0.545131485,0.285714286,0,0.702586207,0,0.071428571,1,71.5,0.35,39,297.28,74.32,678.68,av_reg_dist_lepi_pa,1,74.32,3149
SEG6,av_reg_dist_lepi_pa_SEG06,SCH,SEG06,11,2,SEG21,0.375,0.384615385,1,0.545131485,0.285714286,0,0.702586207,0,0.071428571,1,28.57,0.16,33,237.2,59.3,475.4,av_reg_dist_lepi_pa,1,59.3,3149
SEG8,av_reg_dist_lepi_pa_SEG08,SCH,SEG08,11,3,SEG21,0.375,0.384615385,1,0.545131485,0.285714286,0,0.702586207,0,0.071428571,1,17.9,0.43,39,297.28,74.32,678.68,av_reg_dist_lepi_pa,1,74.32,3149
SEG9,av_reg_dist_lepi_pa_SEG09,SCH,SEG09,11,2,SEG21,0.375,0.384615385,1,0.545131485,0.285714286,0,0.702586207,0,0.071428571,1,42.2,0,34,247.46,61.87,522.31,av_reg_dist_lepi_pa,1,61.87,3149
SEG10,av_reg_dist_lepi_pa_SEG10,SCH,SEG10,11,3,SEG21,0.375,0.384615385,1,0.545131485,0.285714286,0,0.702586207,0,0.071428571,1,30.4,0.67,45,321.06,80.27,756.86,av_reg_dist_lepi_pa,1,80.27,3149
SEG11,av_reg_dist_lepi_pa_SEG11,SCH,SEG11,11,3,SEG21,0.375,0.384615385,1,0.545131485,0.285714286,0,0.702586207,0,0.071428571,1,30.4,0,40,311.82,77.96,725.59,av_reg_dist_lepi_pa,1,77.96,3149
SEG12,av_reg_dist_lepi_pa_SEG12,SCH,SEG12,11,3,SEG21,0.375,0.384615385,1,0.545131485,0.285714286,0,0.702586207,0,0.071428571,1,23,0.36,45,321.06,80.27,756.86,av_reg_dist_lepi_pa,1,80.27,3149
SEG13,av_reg_dist_lepi_pa_SEG13,SCH,SEG13,11,2,SEG21,0.375,0.384615385,1,0.545131485,0.285714286,0,0.702586207,0,0.071428571,1,8.46,0.65,32,228.97,57.24,459.77,av_reg_dist_lepi_pa,1,57.24,3149
SEG14,av_reg_dist_lepi_pa_SEG14,SCH,SEG14,11,3,SEG21,0.375,0.384615385,1,0.545131485,0.285714286,0,0.702586207,0,0.071428571,1,16.5,1.39,47,326.36,81.59,772.5,av_reg_dist_lepi_pa,1,81.59,3149
SEG15,av_reg_dist_lepi_pa_SEG15,SCH,SEG15,11,3,SEG21,0.375,0.384615385,1,0.545131485,0.285714286,0,0.702586207,0,0.071428571,1,71.5,0.6,39,297.28,74.32,678.68,av_reg_dist_lepi_pa,1,74.32,3149
SEG16,av_reg_dist_lepi_pa_SEG16,SCH,SEG16,11,3,SEG21,0.375,0.384615385,1,0.545131485,0.285714286,0,0.702586207,0,0.071428571,1,71.5,1.11,38,289.4,72.35,647.41,av_reg_dist_lepi_pa,1,72.35,3149
SEG17,av_reg_dist_lepi_pa_SEG17,SCH,SEG17,11,2,SEG21,0.375,0.384615385,1,0.545131485,0.285714286,0,0.702586207,0,0.071428571,1,28.57,0.68,33,237.2,59.3,475.4,av_reg_dist_lepi_pa,1,59.3,3149
SEG19,av_reg_dist_lepi_pa_SEG19,SCH,SEG19,11,3,SEG21,0.375,0.384615385,1,0.545131485,0.285714286,0,0.702586207,0,0.071428571,1,51.6,0.12,40,311.82,77.96,725.59,av_reg_dist_lepi_pa,1,77.96,3149
SEG20,av_reg_dist_lepi_pa_SEG20,SCH,SEG20,11,2,SEG21,0.375,0.384615385,1,0.545131485,0.285714286,0,0.702586207,0,0.071428571,1,19,0.82,32,228.97,57.24,459.77,av_reg_dist_lepi_pa,1,57.24,3149
SEG21,av_reg_dist_lepi_pa_SEG21,SCH,SEG21,11,2,SEG21,0.375,0.384615385,1,0.545131485,0.285714286,0,0.702586207,0,0.071428571,1,8.3,0.55,32,228.97,57.24,459.77,av_reg_dist_lepi_pa,1,57.24,3149
SEG22,av_reg_dist_lepi_pa_SEG22,SCH,SEG22,11,3,SEG21,0.375,0.384615385,1,0.545131485,0.285714286,0,0.702586207,0,0.071428571,1,33.67,0.26,50,330.29,82.57,788.14,av_reg_dist_lepi_pa,1,82.57,3149
SEG23,av_reg_dist_lepi_pa_SEG23,SCH,SEG23,11,3,SEG21,0.375,0.384615385,1,0.545131485,0.285714286,0,0.702586207,0,0.071428571,1,43.4,0.18,37,278.8,69.7,616.13,av_reg_dist_lepi_pa,1,69.7,3149
SEG24,av_reg_dist_lepi_pa_SEG24,SCH,SEG24,11,3,SEG21,0.375,0.384615385,1,0.545131485,0.285714286,0,0.702586207,0,0.071428571,1,58.69,0.72,37,278.8,69.7,616.13,av_reg_dist_lepi_pa,1,69.7,3149
SEG25,av_reg_dist_lepi_pa_SEG25,SCH,SEG25,11,2,SEG21,0.375,0.384615385,1,0.545131485,0.285714286,0,0.702586207,0,0.071428571,1,8.98,0.98,35,255.32,63.83,553.59,av_reg_dist_lepi_pa,1,63.83,3149
SEG26,av_reg_dist_lepi_pa_SEG26,SCH,SEG26,11,2,SEG21,0.375,0.384615385,1,0.545131485,0.285714286,0,0.702586207,0,0.071428571,1,43.4,0.31,34,247.46,61.87,522.31,av_reg_dist_lepi_pa,1,61.87,3149
SEG28,av_reg_dist_lepi_pa_SEG28,SCH,SEG28,11,3,SEG21,0.375,0.384615385,1,0.545131485,0.285714286,0,0.702586207,0,0.071428571,1,19.9,0.96,48,326.36,81.59,772.5,av_reg_dist_lepi_pa,1,81.59,3149
SEG29,av_reg_dist_lepi_pa_SEG29,SCH,SEG29,11,3,SEG21,0.375,0.384615385,1,0.545131485,0.285714286,0,0.702586207,0,0.071428571,1,19.9,0.62,48,326.36,81.59,772.5,av_reg_dist_lepi_pa,1,81.59,3149
SEG31,av_reg_dist_lepi_pa_SEG31,SCH,SEG31,11,3,SEG21,0.375,0.384615385,1,0.545131485,0.285714286,0,0.702586207,0,0.071428571,1,32.44,4.68,45,321.06,80.27,756.86,av_reg_dist_lepi_pa,1,80.27,3149
SEG32,av_reg_dist_lepi_pa_SEG32,SCH,SEG32,11,3,SEG21,0.375,0.384615385,1,0.545131485,0.285714286,0,0.702586207,0,0.071428571,1,32.44,2.44,56,344.84,86.21,835.05,av_reg_dist_lepi_pa,1,86.21,3149
SEG33,av_reg_dist_lepi_pa_SEG33,SCH,SEG33,11,3,SEG21,0.375,0.384615385,1,0.545131485,0.285714286,0,0.702586207,0,0.071428571,1,8.17,3.55,37,278.8,69.7,616.13,av_reg_dist_lepi_pa,1,69.7,3149
SEG34,av_reg_dist_lepi_pa_SEG34,SCH,SEG34,11,3,SEG21,0.375,0.384615385,1,0.545131485,0.285714286,0,0.702586207,0,0.071428571,1,27.76,8.09,37,278.8,69.7,616.13,av_reg_dist_lepi_pa,1,69.7,3149
SEG35,av_reg_dist_lepi_pa_SEG35,SCH,SEG35,11,3,SEG21,0.375,0.384615385,1,0.545131485,0.285714286,0,0.702586207,0,0.071428571,1,27.76,2.47,40,311.82,77.96,725.59,av_reg_dist_lepi_pa,1,77.96,3149
SEG36,av_reg_dist_lepi_pa_SEG36,SCH,SEG36,11,3,SEG21,0.375,0.384615385,1,0.545131485,0.285714286,0,0.702586207,0,0.071428571,1,6.56,3.33,36,270.93,67.73,584.86,av_reg_dist_lepi_pa,1,67.73,3149
SEG37,av_reg_dist_lepi_pa_SEG37,SCH,SEG37,13,1,SEG49,0.5,0.692307692,1,0.495798319,0.619047619,0,0.793103448,0.372971036,0.357142857,0.5,18.16,4.37,21,318.63,79.66,131.4,av_reg_dist_lepi_pa,1,79.66,3149
SEG38,av_reg_dist_lepi_pa_SEG38,SCH,SEG38,11,2,SEG21,0.375,0.384615385,1,0.545131485,0.285714286,0,0.702586207,0,0.071428571,1,3.32,2.1,34,247.46,61.87,522.31,av_reg_dist_lepi_pa,1,61.87,3149
SEG39,av_reg_dist_lepi_pa_SEG39,SCH,SEG39,11,2,SEG21,0.375,0.384615385,1,0.545131485,0.285714286,0,0.702586207,0,0.071428571,1,11.76,1.74,34,247.46,61.87,522.31,av_reg_dist_lepi_pa,1,61.87,3149
SEG40,av_reg_dist_lepi_pa_SEG40,SCH,SEG40,13,1,SEG49,0.5,0.692307692,1,0.495798319,0.619047619,0,0.793103448,0.372971036,0.357142857,0.5,16.62,3.88,25,318.25,79.56,256.49,av_reg_dist_lepi_pa,1,79.56,3149
SEG41,av_reg_dist_lepi_pa_SEG41,SCH,SEG41,11,3,SEG21,0.375,0.384615385,1,0.545131485,0.285714286,0,0.702586207,0,0.071428571,1,8.11,0.98,39,297.28,74.32,678.68,av_reg_dist_lepi_pa,1,74.32,3149
SEG42,av_reg_dist_lepi_pa_SEG42,SCH,SEG42,11,2,SEG21,0.375,0.384615385,1,0.545131485,0.285714286,0,0.702586207,0,0.071428571,1,10.93,4.01,29,333.53,83.38,365.95,av_reg_dist_lepi_pa,1,83.38,3149
SEG43,av_reg_dist_lepi_pa_SEG43,SCH,SEG43,13,1,SEG49,0.5,0.692307692,1,0.495798319,0.619047619,0,0.793103448,0.372971036,0.357142857,0.5,9.72,2.82,23,318.45,79.61,193.94,av_reg_dist_lepi_pa,1,79.61,3149
SEG46,av_reg_dist_lepi_pa_SEG46,SCH,SEG46,11,3,SEG21,0.375,0.384615385,1,0.545131485,0.285714286,0,0.702586207,0,0.071428571,1,3.34,1.67,41,311.82,77.96,725.59,av_reg_dist_lepi_pa,1,77.96,3149
SEG47,av_reg_dist_lepi_pa_SEG47,SCH,SEG47,11,3,SEG21,0.375,0.384615385,1,0.545131485,0.285714286,0,0.702586207,0,0.071428571,1,10.08,4.99,36,270.93,67.73,584.86,av_reg_dist_lepi_pa,1,67.73,3149
SEG48,av_reg_dist_lepi_pa_SEG48,SCH,SEG48,11,3,SEG21,0.375,0.384615385,1,0.545131485,0.285714286,0,0.702586207,0,0.071428571,1,42.2,1.02,37,278.8,69.7,616.13,av_reg_dist_lepi_pa,1,69.7,3149
SEG49,av_reg_dist_lepi_pa_SEG49,SCH,SEG49,13,1,SEG49,0.5,0.692307692,1,0.495798319,0.619047619,0,0.793103448,0.372971036,0.357142857,0.5,10.53,1.39,26,333.81,83.45,272.13,av_reg_dist_lepi_pa,1,83.45,3149
SEG1,av_reg_dist_plant_pa_SEG01,SCH,SEG01,7,3,SEG32,0.125,0.461538462,0.472222222,1,0.166666667,0,0.781609195,0.519370347,0,1,23,0.42,45,627.5,156.88,450.42,av_reg_dist_plant_pa,1,156.88,4738
SEG2,av_reg_dist_plant_pa_SEG02,SCH,SEG02,7,3,SEG32,0.125,0.461538462,0.472222222,1,0.166666667,0,0.781609195,0.519370347,0,1,45,0.06,47,648.44,162.11,450.42,av_reg_dist_plant_pa,1,162.11,4738
SEG3,av_reg_dist_plant_pa_SEG03,SCH,SEG03,7,3,SEG32,0.125,0.461538462,0.472222222,1,0.166666667,0,0.781609195,0.519370347,0,1,30.4,0.35,45,627.5,156.88,450.42,av_reg_dist_plant_pa,1,156.88,4738
SEG4,av_reg_dist_plant_pa_SEG04,SCH,SEG04,7,1,SEG32,0.125,0.461538462,0.472222222,1,0.166666667,0,0.781609195,0.519370347,0,1,71.5,0.35,24,173.33,43.33,370.24,av_reg_dist_plant_pa,1,43.33,4738
SEG5,av_reg_dist_plant_pa_SEG05,SCH,SEG05,7,3,SEG32,0.125,0.461538462,0.472222222,1,0.166666667,0,0.781609195,0.519370347,0,1,71.5,0.35,39,567.98,142,407.98,av_reg_dist_plant_pa,1,142,4738
SEG6,av_reg_dist_plant_pa_SEG06,SCH,SEG06,7,2,SEG32,0.125,0.461538462,0.472222222,1,0.166666667,0,0.781609195,0.519370347,0,1,28.57,0.16,33,153.67,38.42,558.93,av_reg_dist_plant_pa,1,38.42,4738
SEG8,av_reg_dist_plant_pa_SEG08,SCH,SEG08,7,3,SEG32,0.125,0.461538462,0.472222222,1,0.166666667,0,0.781609195,0.519370347,0,1,17.9,0.43,39,567.98,142,407.98,av_reg_dist_plant_pa,1,142,4738
SEG9,av_reg_dist_plant_pa_SEG09,SCH,SEG09,7,2,SEG32,0.125,0.461538462,0.472222222,1,0.166666667,0,0.781609195,0.519370347,0,1,42.2,0,34,187.26,46.81,582.51,av_reg_dist_plant_pa,1,46.81,4738
SEG10,av_reg_dist_plant_pa_SEG10,SCH,SEG10,7,3,SEG32,0.125,0.461538462,0.472222222,1,0.166666667,0,0.781609195,0.519370347,0,1,30.4,0.67,45,627.5,156.88,450.42,av_reg_dist_plant_pa,1,156.88,4738
SEG11,av_reg_dist_plant_pa_SEG11,SCH,SEG11,7,3,SEG32,0.125,0.461538462,0.472222222,1,0.166666667,0,0.781609195,0.519370347,0,1,30.4,0,40,615.28,153.82,422.13,av_reg_dist_plant_pa,1,153.82,4738
SEG12,av_reg_dist_plant_pa_SEG12,SCH,SEG12,7,3,SEG32,0.125,0.461538462,0.472222222,1,0.166666667,0,0.781609195,0.519370347,0,1,23,0.36,45,627.5,156.88,450.42,av_reg_dist_plant_pa,1,156.88,4738
SEG13,av_reg_dist_plant_pa_SEG13,SCH,SEG13,7,2,SEG32,0.125,0.461538462,0.472222222,1,0.166666667,0,0.781609195,0.519370347,0,1,8.46,0.65,32,153.39,38.35,535.35,av_reg_dist_plant_pa,1,38.35,4738
SEG14,av_reg_dist_plant_pa_SEG14,SCH,SEG14,7,3,SEG32,0.125,0.461538462,0.472222222,1,0.166666667,0,0.781609195,0.519370347,0,1,16.5,1.39,47,648.44,162.11,450.42,av_reg_dist_plant_pa,1,162.11,4738
SEG15,av_reg_dist_plant_pa_SEG15,SCH,SEG15,7,3,SEG32,0.125,0.461538462,0.472222222,1,0.166666667,0,0.781609195,0.519370347,0,1,71.5,0.6,39,567.98,142,407.98,av_reg_dist_plant_pa,1,142,4738
SEG16,av_reg_dist_plant_pa_SEG16,SCH,SEG16,7,3,SEG32,0.125,0.461538462,0.472222222,1,0.166666667,0,0.781609195,0.519370347,0,1,71.5,1.11,38,542.99,135.75,393.82,av_reg_dist_plant_pa,1,135.75,4738
SEG17,av_reg_dist_plant_pa_SEG17,SCH,SEG17,7,2,SEG32,0.125,0.461538462,0.472222222,1,0.166666667,0,0.781609195,0.519370347,0,1,28.57,0.68,33,153.67,38.42,558.93,av_reg_dist_plant_pa,1,38.42,4738
SEG19,av_reg_dist_plant_pa_SEG19,SCH,SEG19,7,3,SEG32,0.125,0.461538462,0.472222222,1,0.166666667,0,0.781609195,0.519370347,0,1,51.6,0.12,40,615.28,153.82,422.13,av_reg_dist_plant_pa,1,153.82,4738
SEG20,av_reg_dist_plant_pa_SEG20,SCH,SEG20,7,2,SEG32,0.125,0.461538462,0.472222222,1,0.166666667,0,0.781609195,0.519370347,0,1,19,0.82,32,153.39,38.35,535.35,av_reg_dist_plant_pa,1,38.35,4738
SEG21,av_reg_dist_plant_pa_SEG21,SCH,SEG21,7,2,SEG32,0.125,0.461538462,0.472222222,1,0.166666667,0,0.781609195,0.519370347,0,1,8.3,0.55,32,153.39,38.35,535.35,av_reg_dist_plant_pa,1,38.35,4738
SEG22,av_reg_dist_plant_pa_SEG22,SCH,SEG22,7,3,SEG32,0.125,0.461538462,0.472222222,1,0.166666667,0,0.781609195,0.519370347,0,1,33.67,0.26,50,653.84,163.46,464.59,av_reg_dist_plant_pa,1,163.46,4738
SEG23,av_reg_dist_plant_pa_SEG23,SCH,SEG23,7,3,SEG32,0.125,0.461538462,0.472222222,1,0.166666667,0,0.781609195,0.519370347,0,1,43.4,0.18,37,515.24,128.81,379.69,av_reg_dist_plant_pa,1,128.81,4738
SEG24,av_reg_dist_plant_pa_SEG24,SCH,SEG24,7,3,SEG32,0.125,0.461538462,0.472222222,1,0.166666667,0,0.781609195,0.519370347,0,1,58.69,0.72,37,515.24,128.81,379.69,av_reg_dist_plant_pa,1,128.81,4738
SEG25,av_reg_dist_plant_pa_SEG25,SCH,SEG25,7,2,SEG32,0.125,0.461538462,0.472222222,1,0.166666667,0,0.781609195,0.519370347,0,1,8.98,0.98,35,457.53,114.38,351.38,av_reg_dist_plant_pa,1,114.38,4738
SEG26,av_reg_dist_plant_pa_SEG26,SCH,SEG26,7,2,SEG32,0.125,0.461538462,0.472222222,1,0.166666667,0,0.781609195,0.519370347,0,1,43.4,0.31,34,187.26,46.81,582.51,av_reg_dist_plant_pa,1,46.81,4738
SEG28,av_reg_dist_plant_pa_SEG28,SCH,SEG28,7,3,SEG32,0.125,0.461538462,0.472222222,1,0.166666667,0,0.781609195,0.519370347,0,1,19.9,0.96,48,648.44,162.11,450.42,av_reg_dist_plant_pa,1,162.11,4738
SEG29,av_reg_dist_plant_pa_SEG29,SCH,SEG29,7,3,SEG32,0.125,0.461538462,0.472222222,1,0.166666667,0,0.781609195,0.519370347,0,1,19.9,0.62,48,648.44,162.11,450.42,av_reg_dist_plant_pa,1,162.11,4738
SEG31,av_reg_dist_plant_pa_SEG31,SCH,SEG31,7,3,SEG32,0.125,0.461538462,0.472222222,1,0.166666667,0,0.781609195,0.519370347,0,1,32.44,4.68,45,627.5,156.88,450.42,av_reg_dist_plant_pa,1,156.88,4738
SEG32,av_reg_dist_plant_pa_SEG32,SCH,SEG32,7,3,SEG32,0.125,0.461538462,0.472222222,1,0.166666667,0,0.781609195,0.519370347,0,1,32.44,2.44,56,701.15,175.29,478.74,av_reg_dist_plant_pa,1,175.29,4738
SEG33,av_reg_dist_plant_pa_SEG33,SCH,SEG33,7,3,SEG32,0.125,0.461538462,0.472222222,1,0.166666667,0,0.781609195,0.519370347,0,1,8.17,3.55,37,515.24,128.81,379.69,av_reg_dist_plant_pa,1,128.81,4738
SEG34,av_reg_dist_plant_pa_SEG34,SCH,SEG34,7,3,SEG32,0.125,0.461538462,0.472222222,1,0.166666667,0,0.781609195,0.519370347,0,1,27.76,8.09,37,515.24,128.81,379.69,av_reg_dist_plant_pa,1,128.81,4738
SEG35,av_reg_dist_plant_pa_SEG35,SCH,SEG35,7,3,SEG32,0.125,0.461538462,0.472222222,1,0.166666667,0,0.781609195,0.519370347,0,1,27.76,2.47,40,615.28,153.82,422.13,av_reg_dist_plant_pa,1,153.82,4738
SEG36,av_reg_dist_plant_pa_SEG36,SCH,SEG36,7,3,SEG32,0.125,0.461538462,0.472222222,1,0.166666667,0,0.781609195,0.519370347,0,1,6.56,3.33,36,490.27,122.57,365.52,av_reg_dist_plant_pa,1,122.57,4738
SEG37,av_reg_dist_plant_pa_SEG37,SCH,SEG37,7,1,SEG32,0.125,0.461538462,0.472222222,1,0.166666667,0,0.781609195,0.519370347,0,1,18.16,4.37,21,150.54,37.63,299.49,av_reg_dist_plant_pa,1,37.63,4738
SEG38,av_reg_dist_plant_pa_SEG38,SCH,SEG38,7,2,SEG32,0.125,0.461538462,0.472222222,1,0.166666667,0,0.781609195,0.519370347,0,1,3.32,2.1,34,187.26,46.81,582.51,av_reg_dist_plant_pa,1,46.81,4738
SEG39,av_reg_dist_plant_pa_SEG39,SCH,SEG39,7,2,SEG32,0.125,0.461538462,0.472222222,1,0.166666667,0,0.781609195,0.519370347,0,1,11.76,1.74,34,187.26,46.81,582.51,av_reg_dist_plant_pa,1,46.81,4738
SEG40,av_reg_dist_plant_pa_SEG40,SCH,SEG40,7,1,SEG32,0.125,0.461538462,0.472222222,1,0.166666667,0,0.781609195,0.519370347,0,1,16.62,3.88,25,180.92,45.23,393.82,av_reg_dist_plant_pa,1,45.23,4738
SEG41,av_reg_dist_plant_pa_SEG41,SCH,SEG41,7,3,SEG32,0.125,0.461538462,0.472222222,1,0.166666667,0,0.781609195,0.519370347,0,1,8.11,0.98,39,567.98,142,407.98,av_reg_dist_plant_pa,1,142,4738
SEG42,av_reg_dist_plant_pa_SEG42,SCH,SEG42,7,2,SEG32,0.125,0.461538462,0.472222222,1,0.166666667,0,0.781609195,0.519370347,0,1,10.93,4.01,29,211.29,52.82,488.19,av_reg_dist_plant_pa,1,52.82,4738
SEG43,av_reg_dist_plant_pa_SEG43,SCH,SEG43,7,1,SEG32,0.125,0.461538462,0.472222222,1,0.166666667,0,0.781609195,0.519370347,0,1,9.72,2.82,23,165.73,41.43,346.66,av_reg_dist_plant_pa,1,41.43,4738
SEG46,av_reg_dist_plant_pa_SEG46,SCH,SEG46,7,3,SEG32,0.125,0.461538462,0.472222222,1,0.166666667,0,0.781609195,0.519370347,0,1,3.34,1.67,41,601.12,150.28,436.29,av_reg_dist_plant_pa,1,150.28,4738
SEG47,av_reg_dist_plant_pa_SEG47,SCH,SEG47,7,3,SEG32,0.125,0.461538462,0.472222222,1,0.166666667,0,0.781609195,0.519370347,0,1,10.08,4.99,36,490.27,122.57,365.52,av_reg_dist_plant_pa,1,122.57,4738
SEG48,av_reg_dist_plant_pa_SEG48,SCH,SEG48,7,3,SEG32,0.125,0.461538462,0.472222222,1,0.166666667,0,0.781609195,0.519370347,0,1,42.2,1.02,37,515.24,128.81,379.69,av_reg_dist_plant_pa,1,128.81,4738
SEG49,av_reg_dist_plant_pa_SEG49,SCH,SEG49,7,1,SEG32,0.125,0.461538462,0.472222222,1,0.166666667,0,0.781609195,0.519370347,0,1,10.53,1.39,26,188.52,47.13,417.42,av_reg_dist_plant_pa,1,47.13,4738
SEG1,connectance_pa_SEG01,SCH,SEG01,12,3,SEG37,0.625,0.923076923,0.277173913,0.545131485,1,0,0.850574713,0.760381053,0.714285714,0.5,23,0.42,45,813.41,203.35,264.51,connectance_pa,0.850574712643678,203.35,6699
SEG2,connectance_pa_SEG02,SCH,SEG02,12,3,SEG37,0.625,0.923076923,0.277173913,0.545131485,1,0,0.850574713,0.760381053,0.714285714,0.5,45,0.06,47,834.35,208.59,264.51,connectance_pa,0.850574712643678,208.59,6699
SEG3,connectance_pa_SEG03,SCH,SEG03,12,3,SEG37,0.625,0.923076923,0.277173913,0.545131485,1,0,0.850574713,0.760381053,0.714285714,0.5,30.4,0.35,45,813.41,203.35,264.51,connectance_pa,0.850574712643678,203.35,6699
SEG4,connectance_pa_SEG04,SCH,SEG04,12,1,SEG37,0.625,0.923076923,0.277173913,0.545131485,1,0,0.850574713,0.760381053,0.714285714,0.5,71.5,0.35,24,284.39,71.1,259.18,connectance_pa,0.850574712643678,71.1,6699
SEG5,connectance_pa_SEG05,SCH,SEG05,12,3,SEG37,0.625,0.923076923,0.277173913,0.545131485,1,0,0.850574713,0.760381053,0.714285714,0.5,71.5,0.35,39,711.45,177.86,264.51,connectance_pa,0.850574712643678,177.86,6699
SEG6,connectance_pa_SEG06,SCH,SEG06,12,2,SEG37,0.625,0.923076923,0.277173913,0.545131485,1,0,0.850574713,0.760381053,0.714285714,0.5,28.57,0.16,33,448.09,112.02,264.51,connectance_pa,0.850574712643678,112.02,6699
SEG8,connectance_pa_SEG08,SCH,SEG08,12,3,SEG37,0.625,0.923076923,0.277173913,0.545131485,1,0,0.850574713,0.760381053,0.714285714,0.5,17.9,0.43,39,711.45,177.86,264.51,connectance_pa,0.850574712643678,177.86,6699
SEG9,connectance_pa_SEG09,SCH,SEG09,12,2,SEG37,0.625,0.923076923,0.277173913,0.545131485,1,0,0.850574713,0.760381053,0.714285714,0.5,42.2,0,34,505.26,126.32,264.51,connectance_pa,0.850574712643678,126.32,6699
SEG10,connectance_pa_SEG10,SCH,SEG10,12,3,SEG37,0.625,0.923076923,0.277173913,0.545131485,1,0,0.850574713,0.760381053,0.714285714,0.5,30.4,0.67,45,813.41,203.35,264.51,connectance_pa,0.850574712643678,203.35,6699
SEG11,connectance_pa_SEG11,SCH,SEG11,12,3,SEG37,0.625,0.923076923,0.277173913,0.545131485,1,0,0.850574713,0.760381053,0.714285714,0.5,30.4,0,40,772.9,193.23,264.51,connectance_pa,0.850574712643678,193.23,6699
SEG12,connectance_pa_SEG12,SCH,SEG12,12,3,SEG37,0.625,0.923076923,0.277173913,0.545131485,1,0,0.850574713,0.760381053,0.714285714,0.5,23,0.36,45,813.41,203.35,264.51,connectance_pa,0.850574712643678,203.35,6699
SEG13,connectance_pa_SEG13,SCH,SEG13,12,2,SEG37,0.625,0.923076923,0.277173913,0.545131485,1,0,0.850574713,0.760381053,0.714285714,0.5,8.46,0.65,32,424.23,106.06,264.51,connectance_pa,0.850574712643678,106.06,6699
SEG14,connectance_pa_SEG14,SCH,SEG14,12,3,SEG37,0.625,0.923076923,0.277173913,0.545131485,1,0,0.850574713,0.760381053,0.714285714,0.5,16.5,1.39,47,834.35,208.59,264.51,connectance_pa,0.850574712643678,208.59,6699
SEG15,connectance_pa_SEG15,SCH,SEG15,12,3,SEG37,0.625,0.923076923,0.277173913,0.545131485,1,0,0.850574713,0.760381053,0.714285714,0.5,71.5,0.6,39,711.45,177.86,264.51,connectance_pa,0.850574712643678,177.86,6699
SEG16,connectance_pa_SEG16,SCH,SEG16,12,3,SEG37,0.625,0.923076923,0.277173913,0.545131485,1,0,0.850574713,0.760381053,0.714285714,0.5,71.5,1.11,38,672.3,168.07,264.51,connectance_pa,0.850574712643678,168.07,6699
SEG17,connectance_pa_SEG17,SCH,SEG17,12,2,SEG37,0.625,0.923076923,0.277173913,0.545131485,1,0,0.850574713,0.760381053,0.714285714,0.5,28.57,0.68,33,448.09,112.02,264.51,connectance_pa,0.850574712643678,112.02,6699
SEG19,connectance_pa_SEG19,SCH,SEG19,12,3,SEG37,0.625,0.923076923,0.277173913,0.545131485,1,0,0.850574713,0.760381053,0.714285714,0.5,51.6,0.12,40,772.9,193.23,264.51,connectance_pa,0.850574712643678,193.23,6699
SEG20,connectance_pa_SEG20,SCH,SEG20,12,2,SEG37,0.625,0.923076923,0.277173913,0.545131485,1,0,0.850574713,0.760381053,0.714285714,0.5,19,0.82,32,424.23,106.06,264.51,connectance_pa,0.850574712643678,106.06,6699
SEG21,connectance_pa_SEG21,SCH,SEG21,12,2,SEG37,0.625,0.923076923,0.277173913,0.545131485,1,0,0.850574713,0.760381053,0.714285714,0.5,8.3,0.55,32,424.23,106.06,264.51,connectance_pa,0.850574712643678,106.06,6699
SEG22,connectance_pa_SEG22,SCH,SEG22,12,3,SEG37,0.625,0.923076923,0.277173913,0.545131485,1,0,0.850574713,0.760381053,0.714285714,0.5,33.67,0.26,50,853.92,213.48,264.51,connectance_pa,0.850574712643678,213.48,6699
SEG23,connectance_pa_SEG23,SCH,SEG23,12,3,SEG37,0.625,0.923076923,0.277173913,0.545131485,1,0,0.850574713,0.760381053,0.714285714,0.5,43.4,0.18,37,630.42,157.61,264.51,connectance_pa,0.850574712643678,157.61,6699
SEG24,connectance_pa_SEG24,SCH,SEG24,12,3,SEG37,0.625,0.923076923,0.277173913,0.545131485,1,0,0.850574713,0.760381053,0.714285714,0.5,58.69,0.72,37,630.42,157.61,264.51,connectance_pa,0.850574712643678,157.61,6699
SEG25,connectance_pa_SEG25,SCH,SEG25,12,2,SEG37,0.625,0.923076923,0.277173913,0.545131485,1,0,0.850574713,0.760381053,0.714285714,0.5,8.98,0.98,35,544.4,136.1,264.51,connectance_pa,0.850574712643678,136.1,6699
SEG26,connectance_pa_SEG26,SCH,SEG26,12,2,SEG37,0.625,0.923076923,0.277173913,0.545131485,1,0,0.850574713,0.760381053,0.714285714,0.5,43.4,0.31,34,505.26,126.32,264.51,connectance_pa,0.850574712643678,126.32,6699
SEG28,connectance_pa_SEG28,SCH,SEG28,12,3,SEG37,0.625,0.923076923,0.277173913,0.545131485,1,0,0.850574713,0.760381053,0.714285714,0.5,19.9,0.96,48,834.35,208.59,264.51,connectance_pa,0.850574712643678,208.59,6699
SEG29,connectance_pa_SEG29,SCH,SEG29,12,3,SEG37,0.625,0.923076923,0.277173913,0.545131485,1,0,0.850574713,0.760381053,0.714285714,0.5,19.9,0.62,48,834.35,208.59,264.51,connectance_pa,0.850574712643678,208.59,6699
SEG31,connectance_pa_SEG31,SCH,SEG31,12,3,SEG37,0.625,0.923076923,0.277173913,0.545131485,1,0,0.850574713,0.760381053,0.714285714,0.5,32.44,4.68,45,813.41,203.35,264.51,connectance_pa,0.850574712643678,203.35,6699
SEG32,connectance_pa_SEG32,SCH,SEG32,12,3,SEG37,0.625,0.923076923,0.277173913,0.545131485,1,0,0.850574713,0.760381053,0.714285714,0.5,32.44,2.44,56,915.38,228.84,264.51,connectance_pa,0.850574712643678,228.84,6699
SEG33,connectance_pa_SEG33,SCH,SEG33,12,3,SEG37,0.625,0.923076923,0.277173913,0.545131485,1,0,0.850574713,0.760381053,0.714285714,0.5,8.17,3.55,37,630.42,157.61,264.51,connectance_pa,0.850574712643678,157.61,6699
SEG34,connectance_pa_SEG34,SCH,SEG34,12,3,SEG37,0.625,0.923076923,0.277173913,0.545131485,1,0,0.850574713,0.760381053,0.714285714,0.5,27.76,8.09,37,630.42,157.61,264.51,connectance_pa,0.850574712643678,157.61,6699
SEG35,connectance_pa_SEG35,SCH,SEG35,12,3,SEG37,0.625,0.923076923,0.277173913,0.545131485,1,0,0.850574713,0.760381053,0.714285714,0.5,27.76,2.47,40,772.9,193.23,264.51,connectance_pa,0.850574712643678,193.23,6699
SEG36,connectance_pa_SEG36,SCH,SEG36,12,3,SEG37,0.625,0.923076923,0.277173913,0.545131485,1,0,0.850574713,0.760381053,0.714285714,0.5,6.56,3.33,36,591.28,147.82,264.51,connectance_pa,0.850574712643678,147.82,6699
SEG37,connectance_pa_SEG37,SCH,SEG37,12,1,SEG37,0.625,0.923076923,0.277173913,0.545131485,1,0,0.850574713,0.760381053,0.714285714,0.5,18.16,4.37,21,284.67,71.17,165.36,connectance_pa,0.850574712643678,71.17,6699
SEG38,connectance_pa_SEG38,SCH,SEG38,12,2,SEG37,0.625,0.923076923,0.277173913,0.545131485,1,0,0.850574713,0.760381053,0.714285714,0.5,3.32,2.1,34,505.26,126.32,264.51,connectance_pa,0.850574712643678,126.32,6699
SEG39,connectance_pa_SEG39,SCH,SEG39,12,2,SEG37,0.625,0.923076923,0.277173913,0.545131485,1,0,0.850574713,0.760381053,0.714285714,0.5,11.76,1.74,34,505.26,126.32,264.51,connectance_pa,0.850574712643678,126.32,6699
SEG40,connectance_pa_SEG40,SCH,SEG40,12,1,SEG37,0.625,0.923076923,0.277173913,0.545131485,1,0,0.850574713,0.760381053,0.714285714,0.5,16.62,3.88,25,310.23,77.56,264.51,connectance_pa,0.850574712643678,77.56,6699
SEG41,connectance_pa_SEG41,SCH,SEG41,12,3,SEG37,0.625,0.923076923,0.277173913,0.545131485,1,0,0.850574713,0.760381053,0.714285714,0.5,8.11,0.98,39,711.45,177.86,264.51,connectance_pa,0.850574712643678,177.86,6699
SEG42,connectance_pa_SEG42,SCH,SEG42,12,2,SEG37,0.625,0.923076923,0.277173913,0.545131485,1,0,0.850574713,0.760381053,0.714285714,0.5,10.93,4.01,29,434.97,108.74,264.51,connectance_pa,0.850574712643678,108.74,6699
SEG43,connectance_pa_SEG43,SCH,SEG43,12,1,SEG37,0.625,0.923076923,0.277173913,0.545131485,1,0,0.850574713,0.760381053,0.714285714,0.5,9.72,2.82,23,284.49,71.12,227.9,connectance_pa,0.850574712643678,71.12,6699
SEG46,connectance_pa_SEG46,SCH,SEG46,12,3,SEG37,0.625,0.923076923,0.277173913,0.545131485,1,0,0.850574713,0.760381053,0.714285714,0.5,3.34,1.67,41,772.9,193.23,264.51,connectance_pa,0.850574712643678,193.23,6699
SEG47,connectance_pa_SEG47,SCH,SEG47,12,3,SEG37,0.625,0.923076923,0.277173913,0.545131485,1,0,0.850574713,0.760381053,0.714285714,0.5,10.08,4.99,36,591.28,147.82,264.51,connectance_pa,0.850574712643678,147.82,6699
SEG48,connectance_pa_SEG48,SCH,SEG48,12,3,SEG37,0.625,0.923076923,0.277173913,0.545131485,1,0,0.850574713,0.760381053,0.714285714,0.5,42.2,1.02,37,630.42,157.61,264.51,connectance_pa,0.850574712643678,157.61,6699
SEG49,connectance_pa_SEG49,SCH,SEG49,12,1,SEG37,0.625,0.923076923,0.277173913,0.545131485,1,0,0.850574713,0.760381053,0.714285714,0.5,10.53,1.39,26,341.43,85.36,264.51,connectance_pa,0.850574712643678,85.36,6699
SEG1,n_crop_pests_pa_SEG01,SCH,SEG01,11,3,SEG21,0.375,0.384615385,1,0.545131485,0.285714286,0,0.702586207,0,0.071428571,1,23,0.42,45,321.06,80.27,756.86,n_crop_pests_pa,1,80.27,2505
SEG2,n_crop_pests_pa_SEG02,SCH,SEG02,11,3,SEG21,0.375,0.384615385,1,0.545131485,0.285714286,0,0.702586207,0,0.071428571,1,45,0.06,47,326.36,81.59,772.5,n_crop_pests_pa,1,81.59,2505
SEG3,n_crop_pests_pa_SEG03,SCH,SEG03,11,3,SEG21,0.375,0.384615385,1,0.545131485,0.285714286,0,0.702586207,0,0.071428571,1,30.4,0.35,45,321.06,80.27,756.86,n_crop_pests_pa,1,80.27,2505
SEG4,n_crop_pests_pa_SEG04,SCH,SEG04,6,1,SEG15,0.625,0.461538462,0.573033708,0.269406393,0.142857143,1,0.130268199,0.332717589,0.464285714,1,71.5,0.35,24,0,0,543.57,n_crop_pests_pa,1,0,2505
SEG5,n_crop_pests_pa_SEG05,SCH,SEG05,11,3,SEG21,0.375,0.384615385,1,0.545131485,0.285714286,0,0.702586207,0,0.071428571,1,71.5,0.35,39,297.28,74.32,678.68,n_crop_pests_pa,1,74.32,2505
SEG6,n_crop_pests_pa_SEG06,SCH,SEG06,7,2,SEG32,0.125,0.461538462,0.472222222,1,0.166666667,0,0.781609195,0.519370347,0,1,28.57,0.16,33,153.67,38.42,558.93,n_crop_pests_pa,1,38.42,2505
SEG8,n_crop_pests_pa_SEG08,SCH,SEG08,11,3,SEG21,0.375,0.384615385,1,0.545131485,0.285714286,0,0.702586207,0,0.071428571,1,17.9,0.43,39,297.28,74.32,678.68,n_crop_pests_pa,1,74.32,2505
SEG9,n_crop_pests_pa_SEG09,SCH,SEG09,7,2,SEG32,0.125,0.461538462,0.472222222,1,0.166666667,0,0.781609195,0.519370347,0,1,42.2,0,34,187.26,46.81,582.51,n_crop_pests_pa,1,46.81,2505
SEG10,n_crop_pests_pa_SEG10,SCH,SEG10,11,3,SEG21,0.375,0.384615385,1,0.545131485,0.285714286,0,0.702586207,0,0.071428571,1,30.4,0.67,45,321.06,80.27,756.86,n_crop_pests_pa,1,80.27,2505
SEG11,n_crop_pests_pa_SEG11,SCH,SEG11,11,3,SEG21,0.375,0.384615385,1,0.545131485,0.285714286,0,0.702586207,0,0.071428571,1,30.4,0,40,311.82,77.96,725.59,n_crop_pests_pa,1,77.96,2505
SEG12,n_crop_pests_pa_SEG12,SCH,SEG12,11,3,SEG21,0.375,0.384615385,1,0.545131485,0.285714286,0,0.702586207,0,0.071428571,1,23,0.36,45,321.06,80.27,756.86,n_crop_pests_pa,1,80.27,2505
SEG13,n_crop_pests_pa_SEG13,SCH,SEG13,7,2,SEG32,0.125,0.461538462,0.472222222,1,0.166666667,0,0.781609195,0.519370347,0,1,8.46,0.65,32,153.39,38.35,535.35,n_crop_pests_pa,1,38.35,2505
SEG14,n_crop_pests_pa_SEG14,SCH,SEG14,11,3,SEG21,0.375,0.384615385,1,0.545131485,0.285714286,0,0.702586207,0,0.071428571,1,16.5,1.39,47,326.36,81.59,772.5,n_crop_pests_pa,1,81.59,2505
SEG15,n_crop_pests_pa_SEG15,SCH,SEG15,11,3,SEG21,0.375,0.384615385,1,0.545131485,0.285714286,0,0.702586207,0,0.071428571,1,71.5,0.6,39,297.28,74.32,678.68,n_crop_pests_pa,1,74.32,2505
SEG16,n_crop_pests_pa_SEG16,SCH,SEG16,11,3,SEG21,0.375,0.384615385,1,0.545131485,0.285714286,0,0.702586207,0,0.071428571,1,71.5,1.11,38,289.4,72.35,647.41,n_crop_pests_pa,1,72.35,2505
SEG17,n_crop_pests_pa_SEG17,SCH,SEG17,7,2,SEG32,0.125,0.461538462,0.472222222,1,0.166666667,0,0.781609195,0.519370347,0,1,28.57,0.68,33,153.67,38.42,558.93,n_crop_pests_pa,1,38.42,2505
SEG19,n_crop_pests_pa_SEG19,SCH,SEG19,11,3,SEG21,0.375,0.384615385,1,0.545131485,0.285714286,0,0.702586207,0,0.071428571,1,51.6,0.12,40,311.82,77.96,725.59,n_crop_pests_pa,1,77.96,2505
SEG20,n_crop_pests_pa_SEG20,SCH,SEG20,7,2,SEG32,0.125,0.461538462,0.472222222,1,0.166666667,0,0.781609195,0.519370347,0,1,19,0.82,32,153.39,38.35,535.35,n_crop_pests_pa,1,38.35,2505
SEG21,n_crop_pests_pa_SEG21,SCH,SEG21,7,2,SEG32,0.125,0.461538462,0.472222222,1,0.166666667,0,0.781609195,0.519370347,0,1,8.3,0.55,32,153.39,38.35,535.35,n_crop_pests_pa,1,38.35,2505
SEG22,n_crop_pests_pa_SEG22,SCH,SEG22,11,3,SEG21,0.375,0.384615385,1,0.545131485,0.285714286,0,0.702586207,0,0.071428571,1,33.67,0.26,50,330.29,82.57,788.14,n_crop_pests_pa,1,82.57,2505
SEG23,n_crop_pests_pa_SEG23,SCH,SEG23,11,3,SEG21,0.375,0.384615385,1,0.545131485,0.285714286,0,0.702586207,0,0.071428571,1,43.4,0.18,37,278.8,69.7,616.13,n_crop_pests_pa,1,69.7,2505
SEG24,n_crop_pests_pa_SEG24,SCH,SEG24,11,3,SEG21,0.375,0.384615385,1,0.545131485,0.285714286,0,0.702586207,0,0.071428571,1,58.69,0.72,37,278.8,69.7,616.13,n_crop_pests_pa,1,69.7,2505
SEG25,n_crop_pests_pa_SEG25,SCH,SEG25,11,2,SEG21,0.375,0.384615385,1,0.545131485,0.285714286,0,0.702586207,0,0.071428571,1,8.98,0.98,35,255.32,63.83,553.59,n_crop_pests_pa,1,63.83,2505
SEG26,n_crop_pests_pa_SEG26,SCH,SEG26,7,2,SEG32,0.125,0.461538462,0.472222222,1,0.166666667,0,0.781609195,0.519370347,0,1,43.4,0.31,34,187.26,46.81,582.51,n_crop_pests_pa,1,46.81,2505
SEG28,n_crop_pests_pa_SEG28,SCH,SEG28,11,3,SEG21,0.375,0.384615385,1,0.545131485,0.285714286,0,0.702586207,0,0.071428571,1,19.9,0.96,48,326.36,81.59,772.5,n_crop_pests_pa,1,81.59,2505
SEG29,n_crop_pests_pa_SEG29,SCH,SEG29,11,3,SEG21,0.375,0.384615385,1,0.545131485,0.285714286,0,0.702586207,0,0.071428571,1,19.9,0.62,48,326.36,81.59,772.5,n_crop_pests_pa,1,81.59,2505
SEG31,n_crop_pests_pa_SEG31,SCH,SEG31,11,3,SEG21,0.375,0.384615385,1,0.545131485,0.285714286,0,0.702586207,0,0.071428571,1,32.44,4.68,45,321.06,80.27,756.86,n_crop_pests_pa,1,80.27,2505
SEG32,n_crop_pests_pa_SEG32,SCH,SEG32,11,3,SEG21,0.375,0.384615385,1,0.545131485,0.285714286,0,0.702586207,0,0.071428571,1,32.44,2.44,56,344.84,86.21,835.05,n_crop_pests_pa,1,86.21,2505
SEG33,n_crop_pests_pa_SEG33,SCH,SEG33,11,3,SEG21,0.375,0.384615385,1,0.545131485,0.285714286,0,0.702586207,0,0.071428571,1,8.17,3.55,37,278.8,69.7,616.13,n_crop_pests_pa,1,69.7,2505
SEG34,n_crop_pests_pa_SEG34,SCH,SEG34,11,3,SEG21,0.375,0.384615385,1,0.545131485,0.285714286,0,0.702586207,0,0.071428571,1,27.76,8.09,37,278.8,69.7,616.13,n_crop_pests_pa,1,69.7,2505
SEG35,n_crop_pests_pa_SEG35,SCH,SEG35,11,3,SEG21,0.375,0.384615385,1,0.545131485,0.285714286,0,0.702586207,0,0.071428571,1,27.76,2.47,40,311.82,77.96,725.59,n_crop_pests_pa,1,77.96,2505
SEG36,n_crop_pests_pa_SEG36,SCH,SEG36,11,3,SEG21,0.375,0.384615385,1,0.545131485,0.285714286,0,0.702586207,0,0.071428571,1,6.56,3.33,36,270.93,67.73,584.86,n_crop_pests_pa,1,67.73,2505
SEG37,n_crop_pests_pa_SEG37,SCH,SEG37,6,1,SEG15,0.625,0.461538462,0.573033708,0.269406393,0.142857143,1,0.130268199,0.332717589,0.464285714,1,18.16,4.37,21,0,0,450.03,n_crop_pests_pa,1,0,2505
SEG38,n_crop_pests_pa_SEG38,SCH,SEG38,7,2,SEG32,0.125,0.461538462,0.472222222,1,0.166666667,0,0.781609195,0.519370347,0,1,3.32,2.1,34,187.26,46.81,582.51,n_crop_pests_pa,1,46.81,2505
SEG39,n_crop_pests_pa_SEG39,SCH,SEG39,7,2,SEG32,0.125,0.461538462,0.472222222,1,0.166666667,0,0.781609195,0.519370347,0,1,11.76,1.74,34,187.26,46.81,582.51,n_crop_pests_pa,1,46.81,2505
SEG40,n_crop_pests_pa_SEG40,SCH,SEG40,6,1,SEG15,0.625,0.461538462,0.573033708,0.269406393,0.142857143,1,0.130268199,0.332717589,0.464285714,1,16.62,3.88,25,0,0,574.74,n_crop_pests_pa,1,0,2505
SEG41,n_crop_pests_pa_SEG41,SCH,SEG41,11,3,SEG21,0.375,0.384615385,1,0.545131485,0.285714286,0,0.702586207,0,0.071428571,1,8.11,0.98,39,297.28,74.32,678.68,n_crop_pests_pa,1,74.32,2505
SEG42,n_crop_pests_pa_SEG42,SCH,SEG42,6,2,SEG15,0.625,0.461538462,0.573033708,0.269406393,0.142857143,1,0.130268199,0.332717589,0.464285714,1,10.93,4.01,29,0,0,699.48,n_crop_pests_pa,1,0,2505
SEG43,n_crop_pests_pa_SEG43,SCH,SEG43,6,1,SEG15,0.625,0.461538462,0.573033708,0.269406393,0.142857143,1,0.130268199,0.332717589,0.464285714,1,9.72,2.82,23,0,0,512.39,n_crop_pests_pa,1,0,2505
SEG46,n_crop_pests_pa_SEG46,SCH,SEG46,11,3,SEG21,0.375,0.384615385,1,0.545131485,0.285714286,0,0.702586207,0,0.071428571,1,3.34,1.67,41,311.82,77.96,725.59,n_crop_pests_pa,1,77.96,2505
SEG47,n_crop_pests_pa_SEG47,SCH,SEG47,11,3,SEG21,0.375,0.384615385,1,0.545131485,0.285714286,0,0.702586207,0,0.071428571,1,10.08,4.99,36,270.93,67.73,584.86,n_crop_pests_pa,1,67.73,2505
SEG48,n_crop_pests_pa_SEG48,SCH,SEG48,11,3,SEG21,0.375,0.384615385,1,0.545131485,0.285714286,0,0.702586207,0,0.071428571,1,42.2,1.02,37,278.8,69.7,616.13,n_crop_pests_pa,1,69.7,2505
SEG49,n_crop_pests_pa_SEG49,SCH,SEG49,6,1,SEG15,0.625,0.461538462,0.573033708,0.269406393,0.142857143,1,0.130268199,0.332717589,0.464285714,1,10.53,1.39,26,0,0,605.94,n_crop_pests_pa,1,0,2505
SEG1,n_lepi_SEG01,SCH,SEG01,15,3,SEG36,1,0.538461538,0.472222222,0.312169312,0.69047619,0,0.551724138,0.769957214,0.75,0.5,23,0.42,45,321.06,80.27,756.86,n_lepi,1,80.27,3146
SEG2,n_lepi_SEG02,SCH,SEG02,15,3,SEG36,1,0.538461538,0.472222222,0.312169312,0.69047619,0,0.551724138,0.769957214,0.75,0.5,45,0.06,47,341.07,85.27,757.79,n_lepi,1,85.27,3146
SEG3,n_lepi_SEG03,SCH,SEG03,15,3,SEG36,1,0.538461538,0.472222222,0.312169312,0.69047619,0,0.551724138,0.769957214,0.75,0.5,30.4,0.35,45,321.06,80.27,756.86,n_lepi,1,80.27,3146
SEG4,n_lepi_SEG04,SCH,SEG04,4,1,SEG28,1,0.461538462,0.573033708,0.269406393,0.404761905,1,0.32183908,0.440191246,0.464285714,1,71.5,0.35,24,294.6,73.65,248.97,n_lepi,1,73.65,3146
SEG5,n_lepi_SEG05,SCH,SEG05,15,3,SEG36,1,0.538461538,0.472222222,0.312169312,0.69047619,0,0.551724138,0.769957214,0.75,0.5,71.5,0.35,39,297.28,74.32,678.68,n_lepi,1,74.32,3146
SEG6,n_lepi_SEG06,SCH,SEG06,15,2,SEG36,1,0.538461538,0.472222222,0.312169312,0.69047619,0,0.551724138,0.769957214,0.75,0.5,28.57,0.16,33,237.2,59.3,475.4,n_lepi,1,59.3,3146
SEG8,n_lepi_SEG08,SCH,SEG08,15,3,SEG36,1,0.538461538,0.472222222,0.312169312,0.69047619,0,0.551724138,0.769957214,0.75,0.5,17.9,0.43,39,297.28,74.32,678.68,n_lepi,1,74.32,3146
SEG9,n_lepi_SEG09,SCH,SEG09,15,2,SEG36,1,0.538461538,0.472222222,0.312169312,0.69047619,0,0.551724138,0.769957214,0.75,0.5,42.2,0,34,247.46,61.87,522.31,n_lepi,1,61.87,3146
SEG10,n_lepi_SEG10,SCH,SEG10,15,3,SEG36,1,0.538461538,0.472222222,0.312169312,0.69047619,0,0.551724138,0.769957214,0.75,0.5,30.4,0.67,45,321.06,80.27,756.86,n_lepi,1,80.27,3146
SEG11,n_lepi_SEG11,SCH,SEG11,15,3,SEG36,1,0.538461538,0.472222222,0.312169312,0.69047619,0,0.551724138,0.769957214,0.75,0.5,30.4,0,40,311.82,77.96,725.59,n_lepi,1,77.96,3146
SEG12,n_lepi_SEG12,SCH,SEG12,15,3,SEG36,1,0.538461538,0.472222222,0.312169312,0.69047619,0,0.551724138,0.769957214,0.75,0.5,23,0.36,45,321.06,80.27,756.86,n_lepi,1,80.27,3146
SEG13,n_lepi_SEG13,SCH,SEG13,15,2,SEG36,1,0.538461538,0.472222222,0.312169312,0.69047619,0,0.551724138,0.769957214,0.75,0.5,8.46,0.65,32,228.97,57.24,459.77,n_lepi,1,57.24,3146
SEG14,n_lepi_SEG14,SCH,SEG14,15,3,SEG36,1,0.538461538,0.472222222,0.312169312,0.69047619,0,0.551724138,0.769957214,0.75,0.5,16.5,1.39,47,341.07,85.27,757.79,n_lepi,1,85.27,3146
SEG15,n_lepi_SEG15,SCH,SEG15,15,3,SEG36,1,0.538461538,0.472222222,0.312169312,0.69047619,0,0.551724138,0.769957214,0.75,0.5,71.5,0.6,39,297.28,74.32,678.68,n_lepi,1,74.32,3146
SEG16,n_lepi_SEG16,SCH,SEG16,15,3,SEG36,1,0.538461538,0.472222222,0.312169312,0.69047619,0,0.551724138,0.769957214,0.75,0.5,71.5,1.11,38,289.4,72.35,647.41,n_lepi,1,72.35,3146
SEG17,n_lepi_SEG17,SCH,SEG17,15,2,SEG36,1,0.538461538,0.472222222,0.312169312,0.69047619,0,0.551724138,0.769957214,0.75,0.5,28.57,0.68,33,237.2,59.3,475.4,n_lepi,1,59.3,3146
SEG19,n_lepi_SEG19,SCH,SEG19,15,3,SEG36,1,0.538461538,0.472222222,0.312169312,0.69047619,0,0.551724138,0.769957214,0.75,0.5,51.6,0.12,40,311.82,77.96,725.59,n_lepi,1,77.96,3146
SEG20,n_lepi_SEG20,SCH,SEG20,15,2,SEG36,1,0.538461538,0.472222222,0.312169312,0.69047619,0,0.551724138,0.769957214,0.75,0.5,19,0.82,32,228.97,57.24,459.77,n_lepi,1,57.24,3146
SEG21,n_lepi_SEG21,SCH,SEG21,15,2,SEG36,1,0.538461538,0.472222222,0.312169312,0.69047619,0,0.551724138,0.769957214,0.75,0.5,8.3,0.55,32,228.97,57.24,459.77,n_lepi,1,57.24,3146
SEG22,n_lepi_SEG22,SCH,SEG22,15,3,SEG36,1,0.538461538,0.472222222,0.312169312,0.69047619,0,0.551724138,0.769957214,0.75,0.5,33.67,0.26,50,360.64,90.16,757.79,n_lepi,1,90.16,3146
SEG23,n_lepi_SEG23,SCH,SEG23,15,3,SEG36,1,0.538461538,0.472222222,0.312169312,0.69047619,0,0.551724138,0.769957214,0.75,0.5,43.4,0.18,37,278.8,69.7,616.13,n_lepi,1,69.7,3146
SEG24,n_lepi_SEG24,SCH,SEG24,15,3,SEG36,1,0.538461538,0.472222222,0.312169312,0.69047619,0,0.551724138,0.769957214,0.75,0.5,58.69,0.72,37,278.8,69.7,616.13,n_lepi,1,69.7,3146
SEG25,n_lepi_SEG25,SCH,SEG25,15,2,SEG36,1,0.538461538,0.472222222,0.312169312,0.69047619,0,0.551724138,0.769957214,0.75,0.5,8.98,0.98,35,255.32,63.83,553.59,n_lepi,1,63.83,3146
SEG26,n_lepi_SEG26,SCH,SEG26,15,2,SEG36,1,0.538461538,0.472222222,0.312169312,0.69047619,0,0.551724138,0.769957214,0.75,0.5,43.4,0.31,34,247.46,61.87,522.31,n_lepi,1,61.87,3146
SEG28,n_lepi_SEG28,SCH,SEG28,15,3,SEG36,1,0.538461538,0.472222222,0.312169312,0.69047619,0,0.551724138,0.769957214,0.75,0.5,19.9,0.96,48,341.07,85.27,757.79,n_lepi,1,85.27,3146
SEG29,n_lepi_SEG29,SCH,SEG29,15,3,SEG36,1,0.538461538,0.472222222,0.312169312,0.69047619,0,0.551724138,0.769957214,0.75,0.5,19.9,0.62,48,341.07,85.27,757.79,n_lepi,1,85.27,3146
SEG31,n_lepi_SEG31,SCH,SEG31,15,3,SEG36,1,0.538461538,0.472222222,0.312169312,0.69047619,0,0.551724138,0.769957214,0.75,0.5,32.44,4.68,45,321.06,80.27,756.86,n_lepi,1,80.27,3146
SEG32,n_lepi_SEG32,SCH,SEG32,15,3,SEG36,1,0.538461538,0.472222222,0.312169312,0.69047619,0,0.551724138,0.769957214,0.75,0.5,32.44,2.44,56,422.1,105.52,757.79,n_lepi,1,105.52,3146
SEG33,n_lepi_SEG33,SCH,SEG33,15,3,SEG36,1,0.538461538,0.472222222,0.312169312,0.69047619,0,0.551724138,0.769957214,0.75,0.5,8.17,3.55,37,278.8,69.7,616.13,n_lepi,1,69.7,3146
SEG34,n_lepi_SEG34,SCH,SEG34,15,3,SEG36,1,0.538461538,0.472222222,0.312169312,0.69047619,0,0.551724138,0.769957214,0.75,0.5,27.76,8.09,37,278.8,69.7,616.13,n_lepi,1,69.7,3146
SEG35,n_lepi_SEG35,SCH,SEG35,15,3,SEG36,1,0.538461538,0.472222222,0.312169312,0.69047619,0,0.551724138,0.769957214,0.75,0.5,27.76,2.47,40,311.82,77.96,725.59,n_lepi,1,77.96,3146
SEG36,n_lepi_SEG36,SCH,SEG36,15,3,SEG36,1,0.538461538,0.472222222,0.312169312,0.69047619,0,0.551724138,0.769957214,0.75,0.5,6.56,3.33,36,270.93,67.73,584.86,n_lepi,1,67.73,3146
SEG37,n_lepi_SEG37,SCH,SEG37,4,1,SEG28,1,0.461538462,0.573033708,0.269406393,0.404761905,1,0.32183908,0.440191246,0.464285714,1,18.16,4.37,21,252.07,63.02,197.96,n_lepi,1,63.02,3146
SEG38,n_lepi_SEG38,SCH,SEG38,15,2,SEG36,1,0.538461538,0.472222222,0.312169312,0.69047619,0,0.551724138,0.769957214,0.75,0.5,3.32,2.1,34,247.46,61.87,522.31,n_lepi,1,61.87,3146
SEG39,n_lepi_SEG39,SCH,SEG39,15,2,SEG36,1,0.538461538,0.472222222,0.312169312,0.69047619,0,0.551724138,0.769957214,0.75,0.5,11.76,1.74,34,247.46,61.87,522.31,n_lepi,1,61.87,3146
SEG40,n_lepi_SEG40,SCH,SEG40,4,1,SEG28,1,0.461538462,0.573033708,0.269406393,0.404761905,1,0.32183908,0.440191246,0.464285714,1,16.62,3.88,25,300.26,75.06,274.48,n_lepi,1,75.06,3146
SEG41,n_lepi_SEG41,SCH,SEG41,15,3,SEG36,1,0.538461538,0.472222222,0.312169312,0.69047619,0,0.551724138,0.769957214,0.75,0.5,8.11,0.98,39,297.28,74.32,678.68,n_lepi,1,74.32,3146
SEG42,n_lepi_SEG42,SCH,SEG42,15,2,SEG36,1,0.538461538,0.472222222,0.312169312,0.69047619,0,0.551724138,0.769957214,0.75,0.5,10.93,4.01,29,333.53,83.38,365.95,n_lepi,1,83.38,3146
SEG43,n_lepi_SEG43,SCH,SEG43,4,1,SEG28,1,0.461538462,0.573033708,0.269406393,0.404761905,1,0.32183908,0.440191246,0.464285714,1,9.72,2.82,23,276.17,69.04,236.22,n_lepi,1,69.04,3146
SEG46,n_lepi_SEG46,SCH,SEG46,15,3,SEG36,1,0.538461538,0.472222222,0.312169312,0.69047619,0,0.551724138,0.769957214,0.75,0.5,3.34,1.67,41,311.82,77.96,725.59,n_lepi,1,77.96,3146
SEG47,n_lepi_SEG47,SCH,SEG47,15,3,SEG36,1,0.538461538,0.472222222,0.312169312,0.69047619,0,0.551724138,0.769957214,0.75,0.5,10.08,4.99,36,270.93,67.73,584.86,n_lepi,1,67.73,3146
SEG48,n_lepi_SEG48,SCH,SEG48,15,3,SEG36,1,0.538461538,0.472222222,0.312169312,0.69047619,0,0.551724138,0.769957214,0.75,0.5,42.2,1.02,37,278.8,69.7,616.13,n_lepi,1,69.7,3146
SEG49,n_lepi_SEG49,SCH,SEG49,4,1,SEG28,1,0.461538462,0.573033708,0.269406393,0.404761905,1,0.32183908,0.440191246,0.464285714,1,10.53,1.39,26,305.98,76.5,299.96,n_lepi,1,76.5,3146
SEG1,n_plant_SEG01,SCH,SEG01,14,3,SEG40,0.375,1,0.182795699,0.758125472,0.595238095,0,0.702586207,0.546630949,0.071428571,1,23,0.42,45,581.17,145.29,496.75,n_plant,1,145.29,4589
SEG2,n_plant_SEG02,SCH,SEG02,14,3,SEG40,0.375,1,0.182795699,0.758125472,0.595238095,0,0.702586207,0.546630949,0.071428571,1,45,0.06,47,602.11,150.53,496.75,n_plant,1,150.53,4589
SEG3,n_plant_SEG03,SCH,SEG03,14,3,SEG40,0.375,1,0.182795699,0.758125472,0.595238095,0,0.702586207,0.546630949,0.071428571,1,30.4,0.35,45,581.17,145.29,496.75,n_plant,1,145.29,4589
SEG4,n_plant_SEG04,SCH,SEG04,14,1,SEG40,0.375,1,0.182795699,0.758125472,0.595238095,0,0.702586207,0.546630949,0.071428571,1,71.5,0.35,24,318.35,79.59,225.22,n_plant,1,79.59,4589
SEG5,n_plant_SEG05,SCH,SEG05,14,3,SEG40,0.375,1,0.182795699,0.758125472,0.595238095,0,0.702586207,0.546630949,0.071428571,1,71.5,0.35,39,479.21,119.8,496.75,n_plant,1,119.8,4589
SEG6,n_plant_SEG06,SCH,SEG06,14,2,SEG40,0.375,1,0.182795699,0.758125472,0.595238095,0,0.702586207,0.546630949,0.071428571,1,28.57,0.16,33,237.2,59.3,475.4,n_plant,1,59.3,4589
SEG8,n_plant_SEG08,SCH,SEG08,14,3,SEG40,0.375,1,0.182795699,0.758125472,0.595238095,0,0.702586207,0.546630949,0.071428571,1,17.9,0.43,39,479.21,119.8,496.75,n_plant,1,119.8,4589
SEG9,n_plant_SEG09,SCH,SEG09,14,2,SEG40,0.375,1,0.182795699,0.758125472,0.595238095,0,0.702586207,0.546630949,0.071428571,1,42.2,0,34,273.02,68.25,496.75,n_plant,1,68.25,4589
SEG10,n_plant_SEG10,SCH,SEG10,14,3,SEG40,0.375,1,0.182795699,0.758125472,0.595238095,0,0.702586207,0.546630949,0.071428571,1,30.4,0.67,45,581.17,145.29,496.75,n_plant,1,145.29,4589
SEG11,n_plant_SEG11,SCH,SEG11,14,3,SEG40,0.375,1,0.182795699,0.758125472,0.595238095,0,0.702586207,0.546630949,0.071428571,1,30.4,0,40,540.66,135.17,496.75,n_plant,1,135.17,4589
SEG12,n_plant_SEG12,SCH,SEG12,14,3,SEG40,0.375,1,0.182795699,0.758125472,0.595238095,0,0.702586207,0.546630949,0.071428571,1,23,0.36,45,581.17,145.29,496.75,n_plant,1,145.29,4589
SEG13,n_plant_SEG13,SCH,SEG13,14,2,SEG40,0.375,1,0.182795699,0.758125472,0.595238095,0,0.702586207,0.546630949,0.071428571,1,8.46,0.65,32,228.97,57.24,459.77,n_plant,1,57.24,4589
SEG14,n_plant_SEG14,SCH,SEG14,14,3,SEG40,0.375,1,0.182795699,0.758125472,0.595238095,0,0.702586207,0.546630949,0.071428571,1,16.5,1.39,47,602.11,150.53,496.75,n_plant,1,150.53,4589
SEG15,n_plant_SEG15,SCH,SEG15,14,3,SEG40,0.375,1,0.182795699,0.758125472,0.595238095,0,0.702586207,0.546630949,0.071428571,1,71.5,0.6,39,479.21,119.8,496.75,n_plant,1,119.8,4589
SEG16,n_plant_SEG16,SCH,SEG16,14,3,SEG40,0.375,1,0.182795699,0.758125472,0.595238095,0,0.702586207,0.546630949,0.071428571,1,71.5,1.11,38,440.06,110.01,496.75,n_plant,1,110.01,4589
SEG17,n_plant_SEG17,SCH,SEG17,14,2,SEG40,0.375,1,0.182795699,0.758125472,0.595238095,0,0.702586207,0.546630949,0.071428571,1,28.57,0.68,33,237.2,59.3,475.4,n_plant,1,59.3,4589
SEG19,n_plant_SEG19,SCH,SEG19,14,3,SEG40,0.375,1,0.182795699,0.758125472,0.595238095,0,0.702586207,0.546630949,0.071428571,1,51.6,0.12,40,540.66,135.17,496.75,n_plant,1,135.17,4589
SEG20,n_plant_SEG20,SCH,SEG20,14,2,SEG40,0.375,1,0.182795699,0.758125472,0.595238095,0,0.702586207,0.546630949,0.071428571,1,19,0.82,32,228.97,57.24,459.77,n_plant,1,57.24,4589
SEG21,n_plant_SEG21,SCH,SEG21,14,2,SEG40,0.375,1,0.182795699,0.758125472,0.595238095,0,0.702586207,0.546630949,0.071428571,1,8.3,0.55,32,228.97,57.24,459.77,n_plant,1,57.24,4589
SEG22,n_plant_SEG22,SCH,SEG22,14,3,SEG40,0.375,1,0.182795699,0.758125472,0.595238095,0,0.702586207,0.546630949,0.071428571,1,33.67,0.26,50,621.68,155.42,496.75,n_plant,1,155.42,4589
SEG23,n_plant_SEG23,SCH,SEG23,14,3,SEG40,0.375,1,0.182795699,0.758125472,0.595238095,0,0.702586207,0.546630949,0.071428571,1,43.4,0.18,37,398.18,99.54,496.75,n_plant,1,99.54,4589
SEG24,n_plant_SEG24,SCH,SEG24,14,3,SEG40,0.375,1,0.182795699,0.758125472,0.595238095,0,0.702586207,0.546630949,0.071428571,1,58.69,0.72,37,398.18,99.54,496.75,n_plant,1,99.54,4589
SEG25,n_plant_SEG25,SCH,SEG25,14,2,SEG40,0.375,1,0.182795699,0.758125472,0.595238095,0,0.702586207,0.546630949,0.071428571,1,8.98,0.98,35,312.16,78.04,496.75,n_plant,1,78.04,4589
SEG26,n_plant_SEG26,SCH,SEG26,14,2,SEG40,0.375,1,0.182795699,0.758125472,0.595238095,0,0.702586207,0.546630949,0.071428571,1,43.4,0.31,34,273.02,68.25,496.75,n_plant,1,68.25,4589
SEG28,n_plant_SEG28,SCH,SEG28,14,3,SEG40,0.375,1,0.182795699,0.758125472,0.595238095,0,0.702586207,0.546630949,0.071428571,1,19.9,0.96,48,602.11,150.53,496.75,n_plant,1,150.53,4589
SEG29,n_plant_SEG29,SCH,SEG29,14,3,SEG40,0.375,1,0.182795699,0.758125472,0.595238095,0,0.702586207,0.546630949,0.071428571,1,19.9,0.62,48,602.11,150.53,496.75,n_plant,1,150.53,4589
SEG31,n_plant_SEG31,SCH,SEG31,14,3,SEG40,0.375,1,0.182795699,0.758125472,0.595238095,0,0.702586207,0.546630949,0.071428571,1,32.44,4.68,45,581.17,145.29,496.75,n_plant,1,145.29,4589
SEG32,n_plant_SEG32,SCH,SEG32,14,3,SEG40,0.375,1,0.182795699,0.758125472,0.595238095,0,0.702586207,0.546630949,0.071428571,1,32.44,2.44,56,683.14,170.78,496.75,n_plant,1,170.78,4589
SEG33,n_plant_SEG33,SCH,SEG33,14,3,SEG40,0.375,1,0.182795699,0.758125472,0.595238095,0,0.702586207,0.546630949,0.071428571,1,8.17,3.55,37,398.18,99.54,496.75,n_plant,1,99.54,4589
SEG34,n_plant_SEG34,SCH,SEG34,14,3,SEG40,0.375,1,0.182795699,0.758125472,0.595238095,0,0.702586207,0.546630949,0.071428571,1,27.76,8.09,37,398.18,99.54,496.75,n_plant,1,99.54,4589
SEG35,n_plant_SEG35,SCH,SEG35,14,3,SEG40,0.375,1,0.182795699,0.758125472,0.595238095,0,0.702586207,0.546630949,0.071428571,1,27.76,2.47,40,540.66,135.17,496.75,n_plant,1,135.17,4589
SEG36,n_plant_SEG36,SCH,SEG36,14,3,SEG40,0.375,1,0.182795699,0.758125472,0.595238095,0,0.702586207,0.546630949,0.071428571,1,6.56,3.33,36,359.04,89.76,496.75,n_plant,1,89.76,4589
SEG37,n_plant_SEG37,SCH,SEG37,14,1,SEG40,0.375,1,0.182795699,0.758125472,0.595238095,0,0.702586207,0.546630949,0.071428571,1,18.16,4.37,21,318.63,79.66,131.4,n_plant,1,79.66,4589
SEG38,n_plant_SEG38,SCH,SEG38,14,2,SEG40,0.375,1,0.182795699,0.758125472,0.595238095,0,0.702586207,0.546630949,0.071428571,1,3.32,2.1,34,273.02,68.25,496.75,n_plant,1,68.25,4589
SEG39,n_plant_SEG39,SCH,SEG39,14,2,SEG40,0.375,1,0.182795699,0.758125472,0.595238095,0,0.702586207,0.546630949,0.071428571,1,11.76,1.74,34,273.02,68.25,496.75,n_plant,1,68.25,4589
SEG40,n_plant_SEG40,SCH,SEG40,14,1,SEG40,0.375,1,0.182795699,0.758125472,0.595238095,0,0.702586207,0.546630949,0.071428571,1,16.62,3.88,25,318.25,79.56,256.49,n_plant,1,79.56,4589
SEG41,n_plant_SEG41,SCH,SEG41,14,3,SEG40,0.375,1,0.182795699,0.758125472,0.595238095,0,0.702586207,0.546630949,0.071428571,1,8.11,0.98,39,479.21,119.8,496.75,n_plant,1,119.8,4589
SEG42,n_plant_SEG42,SCH,SEG42,14,2,SEG40,0.375,1,0.182795699,0.758125472,0.595238095,0,0.702586207,0.546630949,0.071428571,1,10.93,4.01,29,333.53,83.38,365.95,n_plant,1,83.38,4589
SEG43,n_plant_SEG43,SCH,SEG43,14,1,SEG40,0.375,1,0.182795699,0.758125472,0.595238095,0,0.702586207,0.546630949,0.071428571,1,9.72,2.82,23,318.45,79.61,193.94,n_plant,1,79.61,4589
SEG46,n_plant_SEG46,SCH,SEG46,14,3,SEG40,0.375,1,0.182795699,0.758125472,0.595238095,0,0.702586207,0.546630949,0.071428571,1,3.34,1.67,41,540.66,135.17,496.75,n_plant,1,135.17,4589
SEG47,n_plant_SEG47,SCH,SEG47,14,3,SEG40,0.375,1,0.182795699,0.758125472,0.595238095,0,0.702586207,0.546630949,0.071428571,1,10.08,4.99,36,359.04,89.76,496.75,n_plant,1,89.76,4589
SEG48,n_plant_SEG48,SCH,SEG48,14,3,SEG40,0.375,1,0.182795699,0.758125472,0.595238095,0,0.702586207,0.546630949,0.071428571,1,42.2,1.02,37,398.18,99.54,496.75,n_plant,1,99.54,4589
SEG49,n_plant_SEG49,SCH,SEG49,14,1,SEG40,0.375,1,0.182795699,0.758125472,0.595238095,0,0.702586207,0.546630949,0.071428571,1,10.53,1.39,26,333.81,83.45,272.13,n_plant,1,83.45,4589
SEG1,n_unique_int_pa_SEG01,SCH,SEG01,6,3,SEG15,0.625,0.461538462,0.573033708,0.269406393,0.142857143,1,0.130268199,0.332717589,0.464285714,1,23,0.42,45,415.85,103.96,662.07,n_unique_int_pa,1,103.96,3228
SEG2,n_unique_int_pa_SEG02,SCH,SEG02,6,3,SEG15,0.625,0.461538462,0.573033708,0.269406393,0.142857143,1,0.130268199,0.332717589,0.464285714,1,45,0.06,47,436.79,109.2,662.07,n_unique_int_pa,1,109.2,3228
SEG3,n_unique_int_pa_SEG03,SCH,SEG03,6,3,SEG15,0.625,0.461538462,0.573033708,0.269406393,0.142857143,1,0.130268199,0.332717589,0.464285714,1,30.4,0.35,45,415.85,103.96,662.07,n_unique_int_pa,1,103.96,3228
SEG4,n_unique_int_pa_SEG04,SCH,SEG04,6,1,SEG15,0.625,0.461538462,0.573033708,0.269406393,0.142857143,1,0.130268199,0.332717589,0.464285714,1,71.5,0.35,24,0,0,543.57,n_unique_int_pa,1,0,3228
SEG5,n_unique_int_pa_SEG05,SCH,SEG05,6,3,SEG15,0.625,0.461538462,0.573033708,0.269406393,0.142857143,1,0.130268199,0.332717589,0.464285714,1,71.5,0.35,39,370.02,92.5,605.94,n_unique_int_pa,1,92.5,3228
SEG6,n_unique_int_pa_SEG06,SCH,SEG06,6,2,SEG15,0.625,0.461538462,0.573033708,0.269406393,0.142857143,1,0.130268199,0.332717589,0.464285714,1,28.57,0.16,33,237.62,59.41,474.98,n_unique_int_pa,1,59.41,3228
SEG8,n_unique_int_pa_SEG08,SCH,SEG08,6,3,SEG15,0.625,0.461538462,0.573033708,0.269406393,0.142857143,1,0.130268199,0.332717589,0.464285714,1,17.9,0.43,39,370.02,92.5,605.94,n_unique_int_pa,1,92.5,3228
SEG9,n_unique_int_pa_SEG09,SCH,SEG09,6,2,SEG15,0.625,0.461538462,0.573033708,0.269406393,0.142857143,1,0.130268199,0.332717589,0.464285714,1,42.2,0,34,257.38,64.34,512.39,n_unique_int_pa,1,64.34,3228
SEG10,n_unique_int_pa_SEG10,SCH,SEG10,6,3,SEG15,0.625,0.461538462,0.573033708,0.269406393,0.142857143,1,0.130268199,0.332717589,0.464285714,1,30.4,0.67,45,415.85,103.96,662.07,n_unique_int_pa,1,103.96,3228
SEG11,n_unique_int_pa_SEG11,SCH,SEG11,6,3,SEG15,0.625,0.461538462,0.573033708,0.269406393,0.142857143,1,0.130268199,0.332717589,0.464285714,1,30.4,0,40,412.77,103.19,624.64,n_unique_int_pa,1,103.19,3228
SEG12,n_unique_int_pa_SEG12,SCH,SEG12,6,3,SEG15,0.625,0.461538462,0.573033708,0.269406393,0.142857143,1,0.130268199,0.332717589,0.464285714,1,23,0.36,45,415.85,103.96,662.07,n_unique_int_pa,1,103.96,3228
SEG13,n_unique_int_pa_SEG13,SCH,SEG13,6,2,SEG15,0.625,0.461538462,0.573033708,0.269406393,0.142857143,1,0.130268199,0.332717589,0.464285714,1,8.46,0.65,32,232.48,58.12,456.26,n_unique_int_pa,1,58.12,3228
SEG14,n_unique_int_pa_SEG14,SCH,SEG14,6,3,SEG15,0.625,0.461538462,0.573033708,0.269406393,0.142857143,1,0.130268199,0.332717589,0.464285714,1,16.5,1.39,47,436.79,109.2,662.07,n_unique_int_pa,1,109.2,3228
SEG15,n_unique_int_pa_SEG15,SCH,SEG15,6,3,SEG15,0.625,0.461538462,0.573033708,0.269406393,0.142857143,1,0.130268199,0.332717589,0.464285714,1,71.5,0.6,39,370.02,92.5,605.94,n_unique_int_pa,1,92.5,3228
SEG16,n_unique_int_pa_SEG16,SCH,SEG16,6,3,SEG15,0.625,0.461538462,0.573033708,0.269406393,0.142857143,1,0.130268199,0.332717589,0.464285714,1,71.5,1.11,38,349.59,87.4,587.22,n_unique_int_pa,1,87.4,3228
SEG17,n_unique_int_pa_SEG17,SCH,SEG17,6,2,SEG15,0.625,0.461538462,0.573033708,0.269406393,0.142857143,1,0.130268199,0.332717589,0.464285714,1,28.57,0.68,33,237.62,59.41,474.98,n_unique_int_pa,1,59.41,3228
SEG19,n_unique_int_pa_SEG19,SCH,SEG19,6,3,SEG15,0.625,0.461538462,0.573033708,0.269406393,0.142857143,1,0.130268199,0.332717589,0.464285714,1,51.6,0.12,40,412.77,103.19,624.64,n_unique_int_pa,1,103.19,3228
SEG20,n_unique_int_pa_SEG20,SCH,SEG20,6,2,SEG15,0.625,0.461538462,0.573033708,0.269406393,0.142857143,1,0.130268199,0.332717589,0.464285714,1,19,0.82,32,232.48,58.12,456.26,n_unique_int_pa,1,58.12,3228
SEG21,n_unique_int_pa_SEG21,SCH,SEG21,6,2,SEG15,0.625,0.461538462,0.573033708,0.269406393,0.142857143,1,0.130268199,0.332717589,0.464285714,1,8.3,0.55,32,232.48,58.12,456.26,n_unique_int_pa,1,58.12,3228
SEG22,n_unique_int_pa_SEG22,SCH,SEG22,6,3,SEG15,0.625,0.461538462,0.573033708,0.269406393,0.142857143,1,0.130268199,0.332717589,0.464285714,1,33.67,0.26,50,437.67,109.42,680.76,n_unique_int_pa,1,109.42,3228
SEG23,n_unique_int_pa_SEG23,SCH,SEG23,6,3,SEG15,0.625,0.461538462,0.573033708,0.269406393,0.142857143,1,0.130268199,0.332717589,0.464285714,1,43.4,0.18,37,326.41,81.6,568.52,n_unique_int_pa,1,81.6,3228
SEG24,n_unique_int_pa_SEG24,SCH,SEG24,6,3,SEG15,0.625,0.461538462,0.573033708,0.269406393,0.142857143,1,0.130268199,0.332717589,0.464285714,1,58.69,0.72,37,326.41,81.6,568.52,n_unique_int_pa,1,81.6,3228
SEG25,n_unique_int_pa_SEG25,SCH,SEG25,6,2,SEG15,0.625,0.461538462,0.573033708,0.269406393,0.142857143,1,0.130268199,0.332717589,0.464285714,1,8.98,0.98,35,277.81,69.45,531.1,n_unique_int_pa,1,69.45,3228
SEG26,n_unique_int_pa_SEG26,SCH,SEG26,6,2,SEG15,0.625,0.461538462,0.573033708,0.269406393,0.142857143,1,0.130268199,0.332717589,0.464285714,1,43.4,0.31,34,257.38,64.34,512.39,n_unique_int_pa,1,64.34,3228
SEG28,n_unique_int_pa_SEG28,SCH,SEG28,6,3,SEG15,0.625,0.461538462,0.573033708,0.269406393,0.142857143,1,0.130268199,0.332717589,0.464285714,1,19.9,0.96,48,436.79,109.2,662.07,n_unique_int_pa,1,109.2,3228
SEG29,n_unique_int_pa_SEG29,SCH,SEG29,6,3,SEG15,0.625,0.461538462,0.573033708,0.269406393,0.142857143,1,0.130268199,0.332717589,0.464285714,1,19.9,0.62,48,436.79,109.2,662.07,n_unique_int_pa,1,109.2,3228
SEG31,n_unique_int_pa_SEG31,SCH,SEG31,6,3,SEG15,0.625,0.461538462,0.573033708,0.269406393,0.142857143,1,0.130268199,0.332717589,0.464285714,1,32.44,4.68,45,415.85,103.96,662.07,n_unique_int_pa,1,103.96,3228
SEG32,n_unique_int_pa_SEG32,SCH,SEG32,6,3,SEG15,0.625,0.461538462,0.573033708,0.269406393,0.142857143,1,0.130268199,0.332717589,0.464285714,1,32.44,2.44,56,461.7,115.42,718.19,n_unique_int_pa,1,115.42,3228
SEG33,n_unique_int_pa_SEG33,SCH,SEG33,6,3,SEG15,0.625,0.461538462,0.573033708,0.269406393,0.142857143,1,0.130268199,0.332717589,0.464285714,1,8.17,3.55,37,326.41,81.6,568.52,n_unique_int_pa,1,81.6,3228
SEG34,n_unique_int_pa_SEG34,SCH,SEG34,6,3,SEG15,0.625,0.461538462,0.573033708,0.269406393,0.142857143,1,0.130268199,0.332717589,0.464285714,1,27.76,8.09,37,326.41,81.6,568.52,n_unique_int_pa,1,81.6,3228
SEG35,n_unique_int_pa_SEG35,SCH,SEG35,6,3,SEG15,0.625,0.461538462,0.573033708,0.269406393,0.142857143,1,0.130268199,0.332717589,0.464285714,1,27.76,2.47,40,412.77,103.19,624.64,n_unique_int_pa,1,103.19,3228
SEG36,n_unique_int_pa_SEG36,SCH,SEG36,6,3,SEG15,0.625,0.461538462,0.573033708,0.269406393,0.142857143,1,0.130268199,0.332717589,0.464285714,1,6.56,3.33,36,305.99,76.5,549.8,n_unique_int_pa,1,76.5,3228
SEG37,n_unique_int_pa_SEG37,SCH,SEG37,6,1,SEG15,0.625,0.461538462,0.573033708,0.269406393,0.142857143,1,0.130268199,0.332717589,0.464285714,1,18.16,4.37,21,0,0,450.03,n_unique_int_pa,1,0,3228
SEG38,n_unique_int_pa_SEG38,SCH,SEG38,6,2,SEG15,0.625,0.461538462,0.573033708,0.269406393,0.142857143,1,0.130268199,0.332717589,0.464285714,1,3.32,2.1,34,257.38,64.34,512.39,n_unique_int_pa,1,64.34,3228
SEG39,n_unique_int_pa_SEG39,SCH,SEG39,6,2,SEG15,0.625,0.461538462,0.573033708,0.269406393,0.142857143,1,0.130268199,0.332717589,0.464285714,1,11.76,1.74,34,257.38,64.34,512.39,n_unique_int_pa,1,64.34,3228
SEG40,n_unique_int_pa_SEG40,SCH,SEG40,6,1,SEG15,0.625,0.461538462,0.573033708,0.269406393,0.142857143,1,0.130268199,0.332717589,0.464285714,1,16.62,3.88,25,0,0,574.74,n_unique_int_pa,1,0,3228
SEG41,n_unique_int_pa_SEG41,SCH,SEG41,6,3,SEG15,0.625,0.461538462,0.573033708,0.269406393,0.142857143,1,0.130268199,0.332717589,0.464285714,1,8.11,0.98,39,370.02,92.5,605.94,n_unique_int_pa,1,92.5,3228
SEG42,n_unique_int_pa_SEG42,SCH,SEG42,6,2,SEG15,0.625,0.461538462,0.573033708,0.269406393,0.142857143,1,0.130268199,0.332717589,0.464285714,1,10.93,4.01,29,0,0,699.48,n_unique_int_pa,1,0,3228
SEG43,n_unique_int_pa_SEG43,SCH,SEG43,6,1,SEG15,0.625,0.461538462,0.573033708,0.269406393,0.142857143,1,0.130268199,0.332717589,0.464285714,1,9.72,2.82,23,0,0,512.39,n_unique_int_pa,1,0,3228
SEG46,n_unique_int_pa_SEG46,SCH,SEG46,6,3,SEG15,0.625,0.461538462,0.573033708,0.269406393,0.142857143,1,0.130268199,0.332717589,0.464285714,1,3.34,1.67,41,394.06,98.52,643.35,n_unique_int_pa,1,98.52,3228
SEG47,n_unique_int_pa_SEG47,SCH,SEG47,6,3,SEG15,0.625,0.461538462,0.573033708,0.269406393,0.142857143,1,0.130268199,0.332717589,0.464285714,1,10.08,4.99,36,305.99,76.5,549.8,n_unique_int_pa,1,76.5,3228
SEG48,n_unique_int_pa_SEG48,SCH,SEG48,6,3,SEG15,0.625,0.461538462,0.573033708,0.269406393,0.142857143,1,0.130268199,0.332717589,0.464285714,1,42.2,1.02,37,326.41,81.6,568.52,n_unique_int_pa,1,81.6,3228
SEG49,n_unique_int_pa_SEG49,SCH,SEG49,6,1,SEG15,0.625,0.461538462,0.573033708,0.269406393,0.142857143,1,0.130268199,0.332717589,0.464285714,1,10.53,1.39,26,0,0,605.94,n_unique_int_pa,1,0,3228
SEG1,sum_crops_pa_SEG01,SCH,SEG01,16,3,SEG42,0.75,0.615384615,0.373626374,0.356136821,0.642857143,0,0.614420063,0.390824984,1,0,23,0.42,45,301.81,75.45,776.11,sum_crops_pa,1,75.45,2942
SEG2,sum_crops_pa_SEG02,SCH,SEG02,16,3,SEG42,0.75,0.615384615,0.373626374,0.356136821,0.642857143,0,0.614420063,0.390824984,1,0,45,0.06,47,307.11,76.78,791.75,sum_crops_pa,1,76.78,2942
SEG3,sum_crops_pa_SEG03,SCH,SEG03,16,3,SEG42,0.75,0.615384615,0.373626374,0.356136821,0.642857143,0,0.614420063,0.390824984,1,0,30.4,0.35,45,301.81,75.45,776.11,sum_crops_pa,1,75.45,2942
SEG4,sum_crops_pa_SEG04,SCH,SEG04,16,1,SEG42,0.75,0.615384615,0.373626374,0.356136821,0.642857143,0,0.614420063,0.390824984,1,0,71.5,0.35,24,299.1,74.77,244.47,sum_crops_pa,1,74.77,2942
SEG5,sum_crops_pa_SEG05,SCH,SEG05,16,3,SEG42,0.75,0.615384615,0.373626374,0.356136821,0.642857143,0,0.614420063,0.390824984,1,0,71.5,0.35,39,278.03,69.51,697.93,sum_crops_pa,1,69.51,2942
SEG6,sum_crops_pa_SEG06,SCH,SEG06,16,2,SEG42,0.75,0.615384615,0.373626374,0.356136821,0.642857143,0,0.614420063,0.390824984,1,0,28.57,0.16,33,217.95,54.49,494.65,sum_crops_pa,1,54.49,2942
SEG8,sum_crops_pa_SEG08,SCH,SEG08,16,3,SEG42,0.75,0.615384615,0.373626374,0.356136821,0.642857143,0,0.614420063,0.390824984,1,0,17.9,0.43,39,278.03,69.51,697.93,sum_crops_pa,1,69.51,2942
SEG9,sum_crops_pa_SEG09,SCH,SEG09,16,2,SEG42,0.75,0.615384615,0.373626374,0.356136821,0.642857143,0,0.614420063,0.390824984,1,0,42.2,0,34,228.21,57.05,541.56,sum_crops_pa,1,57.05,2942
SEG10,sum_crops_pa_SEG10,SCH,SEG10,16,3,SEG42,0.75,0.615384615,0.373626374,0.356136821,0.642857143,0,0.614420063,0.390824984,1,0,30.4,0.67,45,301.81,75.45,776.11,sum_crops_pa,1,75.45,2942
SEG11,sum_crops_pa_SEG11,SCH,SEG11,16,3,SEG42,0.75,0.615384615,0.373626374,0.356136821,0.642857143,0,0.614420063,0.390824984,1,0,30.4,0,40,292.57,73.14,744.84,sum_crops_pa,1,73.14,2942
SEG12,sum_crops_pa_SEG12,SCH,SEG12,16,3,SEG42,0.75,0.615384615,0.373626374,0.356136821,0.642857143,0,0.614420063,0.390824984,1,0,23,0.36,45,301.81,75.45,776.11,sum_crops_pa,1,75.45,2942
SEG13,sum_crops_pa_SEG13,SCH,SEG13,16,2,SEG42,0.75,0.615384615,0.373626374,0.356136821,0.642857143,0,0.614420063,0.390824984,1,0,8.46,0.65,32,209.72,52.43,479.02,sum_crops_pa,1,52.43,2942
SEG14,sum_crops_pa_SEG14,SCH,SEG14,16,3,SEG42,0.75,0.615384615,0.373626374,0.356136821,0.642857143,0,0.614420063,0.390824984,1,0,16.5,1.39,47,307.11,76.78,791.75,sum_crops_pa,1,76.78,2942
SEG15,sum_crops_pa_SEG15,SCH,SEG15,16,3,SEG42,0.75,0.615384615,0.373626374,0.356136821,0.642857143,0,0.614420063,0.390824984,1,0,71.5,0.6,39,278.03,69.51,697.93,sum_crops_pa,1,69.51,2942
SEG16,sum_crops_pa_SEG16,SCH,SEG16,16,3,SEG42,0.75,0.615384615,0.373626374,0.356136821,0.642857143,0,0.614420063,0.390824984,1,0,71.5,1.11,38,270.15,67.54,666.66,sum_crops_pa,1,67.54,2942
SEG17,sum_crops_pa_SEG17,SCH,SEG17,16,2,SEG42,0.75,0.615384615,0.373626374,0.356136821,0.642857143,0,0.614420063,0.390824984,1,0,28.57,0.68,33,217.95,54.49,494.65,sum_crops_pa,1,54.49,2942
SEG19,sum_crops_pa_SEG19,SCH,SEG19,16,3,SEG42,0.75,0.615384615,0.373626374,0.356136821,0.642857143,0,0.614420063,0.390824984,1,0,51.6,0.12,40,292.57,73.14,744.84,sum_crops_pa,1,73.14,2942
SEG20,sum_crops_pa_SEG20,SCH,SEG20,16,2,SEG42,0.75,0.615384615,0.373626374,0.356136821,0.642857143,0,0.614420063,0.390824984,1,0,19,0.82,32,209.72,52.43,479.02,sum_crops_pa,1,52.43,2942
SEG21,sum_crops_pa_SEG21,SCH,SEG21,16,2,SEG42,0.75,0.615384615,0.373626374,0.356136821,0.642857143,0,0.614420063,0.390824984,1,0,8.3,0.55,32,209.72,52.43,479.02,sum_crops_pa,1,52.43,2942
SEG22,sum_crops_pa_SEG22,SCH,SEG22,16,3,SEG42,0.75,0.615384615,0.373626374,0.356136821,0.642857143,0,0.614420063,0.390824984,1,0,33.67,0.26,50,311.04,77.76,807.39,sum_crops_pa,1,77.76,2942
SEG23,sum_crops_pa_SEG23,SCH,SEG23,16,3,SEG42,0.75,0.615384615,0.373626374,0.356136821,0.642857143,0,0.614420063,0.390824984,1,0,43.4,0.18,37,259.55,64.89,635.38,sum_crops_pa,1,64.89,2942
SEG24,sum_crops_pa_SEG24,SCH,SEG24,16,3,SEG42,0.75,0.615384615,0.373626374,0.356136821,0.642857143,0,0.614420063,0.390824984,1,0,58.69,0.72,37,259.55,64.89,635.38,sum_crops_pa,1,64.89,2942
SEG25,sum_crops_pa_SEG25,SCH,SEG25,16,2,SEG42,0.75,0.615384615,0.373626374,0.356136821,0.642857143,0,0.614420063,0.390824984,1,0,8.98,0.98,35,236.07,59.02,572.84,sum_crops_pa,1,59.02,2942
SEG26,sum_crops_pa_SEG26,SCH,SEG26,16,2,SEG42,0.75,0.615384615,0.373626374,0.356136821,0.642857143,0,0.614420063,0.390824984,1,0,43.4,0.31,34,228.21,57.05,541.56,sum_crops_pa,1,57.05,2942
SEG28,sum_crops_pa_SEG28,SCH,SEG28,16,3,SEG42,0.75,0.615384615,0.373626374,0.356136821,0.642857143,0,0.614420063,0.390824984,1,0,19.9,0.96,48,307.11,76.78,791.75,sum_crops_pa,1,76.78,2942
SEG29,sum_crops_pa_SEG29,SCH,SEG29,16,3,SEG42,0.75,0.615384615,0.373626374,0.356136821,0.642857143,0,0.614420063,0.390824984,1,0,19.9,0.62,48,307.11,76.78,791.75,sum_crops_pa,1,76.78,2942
SEG31,sum_crops_pa_SEG31,SCH,SEG31,16,3,SEG42,0.75,0.615384615,0.373626374,0.356136821,0.642857143,0,0.614420063,0.390824984,1,0,32.44,4.68,45,301.81,75.45,776.11,sum_crops_pa,1,75.45,2942
SEG32,sum_crops_pa_SEG32,SCH,SEG32,16,3,SEG42,0.75,0.615384615,0.373626374,0.356136821,0.642857143,0,0.614420063,0.390824984,1,0,32.44,2.44,56,325.59,81.4,854.3,sum_crops_pa,1,81.4,2942
SEG33,sum_crops_pa_SEG33,SCH,SEG33,16,3,SEG42,0.75,0.615384615,0.373626374,0.356136821,0.642857143,0,0.614420063,0.390824984,1,0,8.17,3.55,37,259.55,64.89,635.38,sum_crops_pa,1,64.89,2942
SEG34,sum_crops_pa_SEG34,SCH,SEG34,16,3,SEG42,0.75,0.615384615,0.373626374,0.356136821,0.642857143,0,0.614420063,0.390824984,1,0,27.76,8.09,37,259.55,64.89,635.38,sum_crops_pa,1,64.89,2942
SEG35,sum_crops_pa_SEG35,SCH,SEG35,16,3,SEG42,0.75,0.615384615,0.373626374,0.356136821,0.642857143,0,0.614420063,0.390824984,1,0,27.76,2.47,40,292.57,73.14,744.84,sum_crops_pa,1,73.14,2942
SEG36,sum_crops_pa_SEG36,SCH,SEG36,16,3,SEG42,0.75,0.615384615,0.373626374,0.356136821,0.642857143,0,0.614420063,0.390824984,1,0,6.56,3.33,36,251.68,62.92,604.11,sum_crops_pa,1,62.92,2942
SEG37,sum_crops_pa_SEG37,SCH,SEG37,16,1,SEG42,0.75,0.615384615,0.373626374,0.356136821,0.642857143,0,0.614420063,0.390824984,1,0,18.16,4.37,21,299.38,74.84,150.65,sum_crops_pa,1,74.84,2942
SEG38,sum_crops_pa_SEG38,SCH,SEG38,16,2,SEG42,0.75,0.615384615,0.373626374,0.356136821,0.642857143,0,0.614420063,0.390824984,1,0,3.32,2.1,34,228.21,57.05,541.56,sum_crops_pa,1,57.05,2942
SEG39,sum_crops_pa_SEG39,SCH,SEG39,16,2,SEG42,0.75,0.615384615,0.373626374,0.356136821,0.642857143,0,0.614420063,0.390824984,1,0,11.76,1.74,34,228.21,57.05,541.56,sum_crops_pa,1,57.05,2942
SEG40,sum_crops_pa_SEG40,SCH,SEG40,16,1,SEG42,0.75,0.615384615,0.373626374,0.356136821,0.642857143,0,0.614420063,0.390824984,1,0,16.62,3.88,25,299,74.75,275.74,sum_crops_pa,1,74.75,2942
SEG41,sum_crops_pa_SEG41,SCH,SEG41,16,3,SEG42,0.75,0.615384615,0.373626374,0.356136821,0.642857143,0,0.614420063,0.390824984,1,0,8.11,0.98,39,278.03,69.51,697.93,sum_crops_pa,1,69.51,2942
SEG42,sum_crops_pa_SEG42,SCH,SEG42,16,2,SEG42,0.75,0.615384615,0.373626374,0.356136821,0.642857143,0,0.614420063,0.390824984,1,0,10.93,4.01,29,314.28,78.57,385.2,sum_crops_pa,1,78.57,2942
SEG43,sum_crops_pa_SEG43,SCH,SEG43,16,1,SEG42,0.75,0.615384615,0.373626374,0.356136821,0.642857143,0,0.614420063,0.390824984,1,0,9.72,2.82,23,299.2,74.8,213.19,sum_crops_pa,1,74.8,2942
SEG46,sum_crops_pa_SEG46,SCH,SEG46,16,3,SEG42,0.75,0.615384615,0.373626374,0.356136821,0.642857143,0,0.614420063,0.390824984,1,0,3.34,1.67,41,292.57,73.14,744.84,sum_crops_pa,1,73.14,2942
SEG47,sum_crops_pa_SEG47,SCH,SEG47,16,3,SEG42,0.75,0.615384615,0.373626374,0.356136821,0.642857143,0,0.614420063,0.390824984,1,0,10.08,4.99,36,251.68,62.92,604.11,sum_crops_pa,1,62.92,2942
SEG48,sum_crops_pa_SEG48,SCH,SEG48,16,3,SEG42,0.75,0.615384615,0.373626374,0.356136821,0.642857143,0,0.614420063,0.390824984,1,0,42.2,1.02,37,259.55,64.89,635.38,sum_crops_pa,1,64.89,2942
SEG49,sum_crops_pa_SEG49,SCH,SEG49,16,1,SEG42,0.75,0.615384615,0.373626374,0.356136821,0.642857143,0,0.614420063,0.390824984,1,0,10.53,1.39,26,314.56,78.64,291.38,sum_crops_pa,1,78.64,2942
SEG1,sum_troph_int_pa_SEG01,SCH,SEG01,12,3,SEG37,0.625,0.923076923,0.277173913,0.545131485,1,0,0.850574713,0.760381053,0.714285714,0.5,23,0.42,45,813.41,203.35,264.51,sum_troph_int_pa,1,203.35,6699
SEG2,sum_troph_int_pa_SEG02,SCH,SEG02,12,3,SEG37,0.625,0.923076923,0.277173913,0.545131485,1,0,0.850574713,0.760381053,0.714285714,0.5,45,0.06,47,834.35,208.59,264.51,sum_troph_int_pa,1,208.59,6699
SEG3,sum_troph_int_pa_SEG03,SCH,SEG03,12,3,SEG37,0.625,0.923076923,0.277173913,0.545131485,1,0,0.850574713,0.760381053,0.714285714,0.5,30.4,0.35,45,813.41,203.35,264.51,sum_troph_int_pa,1,203.35,6699
SEG4,sum_troph_int_pa_SEG04,SCH,SEG04,12,1,SEG37,0.625,0.923076923,0.277173913,0.545131485,1,0,0.850574713,0.760381053,0.714285714,0.5,71.5,0.35,24,284.39,71.1,259.18,sum_troph_int_pa,1,71.1,6699
SEG5,sum_troph_int_pa_SEG05,SCH,SEG05,12,3,SEG37,0.625,0.923076923,0.277173913,0.545131485,1,0,0.850574713,0.760381053,0.714285714,0.5,71.5,0.35,39,711.45,177.86,264.51,sum_troph_int_pa,1,177.86,6699
SEG6,sum_troph_int_pa_SEG06,SCH,SEG06,12,2,SEG37,0.625,0.923076923,0.277173913,0.545131485,1,0,0.850574713,0.760381053,0.714285714,0.5,28.57,0.16,33,448.09,112.02,264.51,sum_troph_int_pa,1,112.02,6699
SEG8,sum_troph_int_pa_SEG08,SCH,SEG08,12,3,SEG37,0.625,0.923076923,0.277173913,0.545131485,1,0,0.850574713,0.760381053,0.714285714,0.5,17.9,0.43,39,711.45,177.86,264.51,sum_troph_int_pa,1,177.86,6699
SEG9,sum_troph_int_pa_SEG09,SCH,SEG09,12,2,SEG37,0.625,0.923076923,0.277173913,0.545131485,1,0,0.850574713,0.760381053,0.714285714,0.5,42.2,0,34,505.26,126.32,264.51,sum_troph_int_pa,1,126.32,6699
SEG10,sum_troph_int_pa_SEG10,SCH,SEG10,12,3,SEG37,0.625,0.923076923,0.277173913,0.545131485,1,0,0.850574713,0.760381053,0.714285714,0.5,30.4,0.67,45,813.41,203.35,264.51,sum_troph_int_pa,1,203.35,6699
SEG11,sum_troph_int_pa_SEG11,SCH,SEG11,12,3,SEG37,0.625,0.923076923,0.277173913,0.545131485,1,0,0.850574713,0.760381053,0.714285714,0.5,30.4,0,40,772.9,193.23,264.51,sum_troph_int_pa,1,193.23,6699
SEG12,sum_troph_int_pa_SEG12,SCH,SEG12,12,3,SEG37,0.625,0.923076923,0.277173913,0.545131485,1,0,0.850574713,0.760381053,0.714285714,0.5,23,0.36,45,813.41,203.35,264.51,sum_troph_int_pa,1,203.35,6699
SEG13,sum_troph_int_pa_SEG13,SCH,SEG13,12,2,SEG37,0.625,0.923076923,0.277173913,0.545131485,1,0,0.850574713,0.760381053,0.714285714,0.5,8.46,0.65,32,424.23,106.06,264.51,sum_troph_int_pa,1,106.06,6699
SEG14,sum_troph_int_pa_SEG14,SCH,SEG14,12,3,SEG37,0.625,0.923076923,0.277173913,0.545131485,1,0,0.850574713,0.760381053,0.714285714,0.5,16.5,1.39,47,834.35,208.59,264.51,sum_troph_int_pa,1,208.59,6699
SEG15,sum_troph_int_pa_SEG15,SCH,SEG15,12,3,SEG37,0.625,0.923076923,0.277173913,0.545131485,1,0,0.850574713,0.760381053,0.714285714,0.5,71.5,0.6,39,711.45,177.86,264.51,sum_troph_int_pa,1,177.86,6699
SEG16,sum_troph_int_pa_SEG16,SCH,SEG16,12,3,SEG37,0.625,0.923076923,0.277173913,0.545131485,1,0,0.850574713,0.760381053,0.714285714,0.5,71.5,1.11,38,672.3,168.07,264.51,sum_troph_int_pa,1,168.07,6699
SEG17,sum_troph_int_pa_SEG17,SCH,SEG17,12,2,SEG37,0.625,0.923076923,0.277173913,0.545131485,1,0,0.850574713,0.760381053,0.714285714,0.5,28.57,0.68,33,448.09,112.02,264.51,sum_troph_int_pa,1,112.02,6699
SEG19,sum_troph_int_pa_SEG19,SCH,SEG19,12,3,SEG37,0.625,0.923076923,0.277173913,0.545131485,1,0,0.850574713,0.760381053,0.714285714,0.5,51.6,0.12,40,772.9,193.23,264.51,sum_troph_int_pa,1,193.23,6699
SEG20,sum_troph_int_pa_SEG20,SCH,SEG20,12,2,SEG37,0.625,0.923076923,0.277173913,0.545131485,1,0,0.850574713,0.760381053,0.714285714,0.5,19,0.82,32,424.23,106.06,264.51,sum_troph_int_pa,1,106.06,6699
SEG21,sum_troph_int_pa_SEG21,SCH,SEG21,12,2,SEG37,0.625,0.923076923,0.277173913,0.545131485,1,0,0.850574713,0.760381053,0.714285714,0.5,8.3,0.55,32,424.23,106.06,264.51,sum_troph_int_pa,1,106.06,6699
SEG22,sum_troph_int_pa_SEG22,SCH,SEG22,12,3,SEG37,0.625,0.923076923,0.277173913,0.545131485,1,0,0.850574713,0.760381053,0.714285714,0.5,33.67,0.26,50,853.92,213.48,264.51,sum_troph_int_pa,1,213.48,6699
SEG23,sum_troph_int_pa_SEG23,SCH,SEG23,12,3,SEG37,0.625,0.923076923,0.277173913,0.545131485,1,0,0.850574713,0.760381053,0.714285714,0.5,43.4,0.18,37,630.42,157.61,264.51,sum_troph_int_pa,1,157.61,6699
SEG24,sum_troph_int_pa_SEG24,SCH,SEG24,12,3,SEG37,0.625,0.923076923,0.277173913,0.545131485,1,0,0.850574713,0.760381053,0.714285714,0.5,58.69,0.72,37,630.42,157.61,264.51,sum_troph_int_pa,1,157.61,6699
SEG25,sum_troph_int_pa_SEG25,SCH,SEG25,12,2,SEG37,0.625,0.923076923,0.277173913,0.545131485,1,0,0.850574713,0.760381053,0.714285714,0.5,8.98,0.98,35,544.4,136.1,264.51,sum_troph_int_pa,1,136.1,6699
SEG26,sum_troph_int_pa_SEG26,SCH,SEG26,12,2,SEG37,0.625,0.923076923,0.277173913,0.545131485,1,0,0.850574713,0.760381053,0.714285714,0.5,43.4,0.31,34,505.26,126.32,264.51,sum_troph_int_pa,1,126.32,6699
SEG28,sum_troph_int_pa_SEG28,SCH,SEG28,12,3,SEG37,0.625,0.923076923,0.277173913,0.545131485,1,0,0.850574713,0.760381053,0.714285714,0.5,19.9,0.96,48,834.35,208.59,264.51,sum_troph_int_pa,1,208.59,6699
SEG29,sum_troph_int_pa_SEG29,SCH,SEG29,12,3,SEG37,0.625,0.923076923,0.277173913,0.545131485,1,0,0.850574713,0.760381053,0.714285714,0.5,19.9,0.62,48,834.35,208.59,264.51,sum_troph_int_pa,1,208.59,6699
SEG31,sum_troph_int_pa_SEG31,SCH,SEG31,12,3,SEG37,0.625,0.923076923,0.277173913,0.545131485,1,0,0.850574713,0.760381053,0.714285714,0.5,32.44,4.68,45,813.41,203.35,264.51,sum_troph_int_pa,1,203.35,6699
SEG32,sum_troph_int_pa_SEG32,SCH,SEG32,12,3,SEG37,0.625,0.923076923,0.277173913,0.545131485,1,0,0.850574713,0.760381053,0.714285714,0.5,32.44,2.44,56,915.38,228.84,264.51,sum_troph_int_pa,1,228.84,6699
SEG33,sum_troph_int_pa_SEG33,SCH,SEG33,12,3,SEG37,0.625,0.923076923,0.277173913,0.545131485,1,0,0.850574713,0.760381053,0.714285714,0.5,8.17,3.55,37,630.42,157.61,264.51,sum_troph_int_pa,1,157.61,6699
SEG34,sum_troph_int_pa_SEG34,SCH,SEG34,12,3,SEG37,0.625,0.923076923,0.277173913,0.545131485,1,0,0.850574713,0.760381053,0.714285714,0.5,27.76,8.09,37,630.42,157.61,264.51,sum_troph_int_pa,1,157.61,6699
SEG35,sum_troph_int_pa_SEG35,SCH,SEG35,12,3,SEG37,0.625,0.923076923,0.277173913,0.545131485,1,0,0.850574713,0.760381053,0.714285714,0.5,27.76,2.47,40,772.9,193.23,264.51,sum_troph_int_pa,1,193.23,6699
SEG36,sum_troph_int_pa_SEG36,SCH,SEG36,12,3,SEG37,0.625,0.923076923,0.277173913,0.545131485,1,0,0.850574713,0.760381053,0.714285714,0.5,6.56,3.33,36,591.28,147.82,264.51,sum_troph_int_pa,1,147.82,6699
SEG37,sum_troph_int_pa_SEG37,SCH,SEG37,12,1,SEG37,0.625,0.923076923,0.277173913,0.545131485,1,0,0.850574713,0.760381053,0.714285714,0.5,18.16,4.37,21,284.67,71.17,165.36,sum_troph_int_pa,1,71.17,6699
SEG38,sum_troph_int_pa_SEG38,SCH,SEG38,12,2,SEG37,0.625,0.923076923,0.277173913,0.545131485,1,0,0.850574713,0.760381053,0.714285714,0.5,3.32,2.1,34,505.26,126.32,264.51,sum_troph_int_pa,1,126.32,6699
SEG39,sum_troph_int_pa_SEG39,SCH,SEG39,12,2,SEG37,0.625,0.923076923,0.277173913,0.545131485,1,0,0.850574713,0.760381053,0.714285714,0.5,11.76,1.74,34,505.26,126.32,264.51,sum_troph_int_pa,1,126.32,6699
SEG40,sum_troph_int_pa_SEG40,SCH,SEG40,12,1,SEG37,0.625,0.923076923,0.277173913,0.545131485,1,0,0.850574713,0.760381053,0.714285714,0.5,16.62,3.88,25,310.23,77.56,264.51,sum_troph_int_pa,1,77.56,6699
SEG41,sum_troph_int_pa_SEG41,SCH,SEG41,12,3,SEG37,0.625,0.923076923,0.277173913,0.545131485,1,0,0.850574713,0.760381053,0.714285714,0.5,8.11,0.98,39,711.45,177.86,264.51,sum_troph_int_pa,1,177.86,6699
SEG42,sum_troph_int_pa_SEG42,SCH,SEG42,12,2,SEG37,0.625,0.923076923,0.277173913,0.545131485,1,0,0.850574713,0.760381053,0.714285714,0.5,10.93,4.01,29,434.97,108.74,264.51,sum_troph_int_pa,1,108.74,6699
SEG43,sum_troph_int_pa_SEG43,SCH,SEG43,12,1,SEG37,0.625,0.923076923,0.277173913,0.545131485,1,0,0.850574713,0.760381053,0.714285714,0.5,9.72,2.82,23,284.49,71.12,227.9,sum_troph_int_pa,1,71.12,6699
SEG46,sum_troph_int_pa_SEG46,SCH,SEG46,12,3,SEG37,0.625,0.923076923,0.277173913,0.545131485,1,0,0.850574713,0.760381053,0.714285714,0.5,3.34,1.67,41,772.9,193.23,264.51,sum_troph_int_pa,1,193.23,6699
SEG47,sum_troph_int_pa_SEG47,SCH,SEG47,12,3,SEG37,0.625,0.923076923,0.277173913,0.545131485,1,0,0.850574713,0.760381053,0.714285714,0.5,10.08,4.99,36,591.28,147.82,264.51,sum_troph_int_pa,1,147.82,6699
SEG48,sum_troph_int_pa_SEG48,SCH,SEG48,12,3,SEG37,0.625,0.923076923,0.277173913,0.545131485,1,0,0.850574713,0.760381053,0.714285714,0.5,42.2,1.02,37,630.42,157.61,264.51,sum_troph_int_pa,1,157.61,6699
SEG49,sum_troph_int_pa_SEG49,SCH,SEG49,12,1,SEG37,0.625,0.923076923,0.277173913,0.545131485,1,0,0.850574713,0.760381053,0.714285714,0.5,10.53,1.39,26,341.43,85.36,264.51,sum_troph_int_pa,1,85.36,6699
SEG1,z_score_nest_pa_SEG01,SCH,SEG01,10,3,SEG38,0.875,0.692307692,0.373626374,0.269406393,0.714285714,0,0.530172414,1,0.428571429,0.5,23,0.42,45,321.06,80.27,756.86,z_score_nest_pa,1,80.27,3149
SEG2,z_score_nest_pa_SEG02,SCH,SEG02,10,3,SEG38,0.875,0.692307692,0.373626374,0.269406393,0.714285714,0,0.530172414,1,0.428571429,0.5,45,0.06,47,326.36,81.59,772.5,z_score_nest_pa,1,81.59,3149
SEG3,z_score_nest_pa_SEG03,SCH,SEG03,10,3,SEG38,0.875,0.692307692,0.373626374,0.269406393,0.714285714,0,0.530172414,1,0.428571429,0.5,30.4,0.35,45,321.06,80.27,756.86,z_score_nest_pa,1,80.27,3149
SEG4,z_score_nest_pa_SEG04,SCH,SEG04,15,1,SEG36,1,0.538461538,0.472222222,0.312169312,0.69047619,0,0.551724138,0.769957214,0.75,0.5,71.5,0.35,24,318.35,79.59,225.22,z_score_nest_pa,0.769957214291944,79.59,3149
SEG5,z_score_nest_pa_SEG05,SCH,SEG05,10,3,SEG38,0.875,0.692307692,0.373626374,0.269406393,0.714285714,0,0.530172414,1,0.428571429,0.5,71.5,0.35,39,297.28,74.32,678.68,z_score_nest_pa,1,74.32,3149
SEG6,z_score_nest_pa_SEG06,SCH,SEG06,10,2,SEG38,0.875,0.692307692,0.373626374,0.269406393,0.714285714,0,0.530172414,1,0.428571429,0.5,28.57,0.16,33,237.2,59.3,475.4,z_score_nest_pa,1,59.3,3149
SEG8,z_score_nest_pa_SEG08,SCH,SEG08,10,3,SEG38,0.875,0.692307692,0.373626374,0.269406393,0.714285714,0,0.530172414,1,0.428571429,0.5,17.9,0.43,39,297.28,74.32,678.68,z_score_nest_pa,1,74.32,3149
SEG9,z_score_nest_pa_SEG09,SCH,SEG09,10,2,SEG38,0.875,0.692307692,0.373626374,0.269406393,0.714285714,0,0.530172414,1,0.428571429,0.5,42.2,0,34,247.46,61.87,522.31,z_score_nest_pa,1,61.87,3149
SEG10,z_score_nest_pa_SEG10,SCH,SEG10,10,3,SEG38,0.875,0.692307692,0.373626374,0.269406393,0.714285714,0,0.530172414,1,0.428571429,0.5,30.4,0.67,45,321.06,80.27,756.86,z_score_nest_pa,1,80.27,3149
SEG11,z_score_nest_pa_SEG11,SCH,SEG11,10,3,SEG38,0.875,0.692307692,0.373626374,0.269406393,0.714285714,0,0.530172414,1,0.428571429,0.5,30.4,0,40,311.82,77.96,725.59,z_score_nest_pa,1,77.96,3149
SEG12,z_score_nest_pa_SEG12,SCH,SEG12,10,3,SEG38,0.875,0.692307692,0.373626374,0.269406393,0.714285714,0,0.530172414,1,0.428571429,0.5,23,0.36,45,321.06,80.27,756.86,z_score_nest_pa,1,80.27,3149
SEG13,z_score_nest_pa_SEG13,SCH,SEG13,10,2,SEG38,0.875,0.692307692,0.373626374,0.269406393,0.714285714,0,0.530172414,1,0.428571429,0.5,8.46,0.65,32,228.97,57.24,459.77,z_score_nest_pa,1,57.24,3149
SEG14,z_score_nest_pa_SEG14,SCH,SEG14,10,3,SEG38,0.875,0.692307692,0.373626374,0.269406393,0.714285714,0,0.530172414,1,0.428571429,0.5,16.5,1.39,47,326.36,81.59,772.5,z_score_nest_pa,1,81.59,3149
SEG15,z_score_nest_pa_SEG15,SCH,SEG15,10,3,SEG38,0.875,0.692307692,0.373626374,0.269406393,0.714285714,0,0.530172414,1,0.428571429,0.5,71.5,0.6,39,297.28,74.32,678.68,z_score_nest_pa,1,74.32,3149
SEG16,z_score_nest_pa_SEG16,SCH,SEG16,10,3,SEG38,0.875,0.692307692,0.373626374,0.269406393,0.714285714,0,0.530172414,1,0.428571429,0.5,71.5,1.11,38,289.4,72.35,647.41,z_score_nest_pa,1,72.35,3149
SEG17,z_score_nest_pa_SEG17,SCH,SEG17,10,2,SEG38,0.875,0.692307692,0.373626374,0.269406393,0.714285714,0,0.530172414,1,0.428571429,0.5,28.57,0.68,33,237.2,59.3,475.4,z_score_nest_pa,1,59.3,3149
SEG19,z_score_nest_pa_SEG19,SCH,SEG19,10,3,SEG38,0.875,0.692307692,0.373626374,0.269406393,0.714285714,0,0.530172414,1,0.428571429,0.5,51.6,0.12,40,311.82,77.96,725.59,z_score_nest_pa,1,77.96,3149
SEG20,z_score_nest_pa_SEG20,SCH,SEG20,10,2,SEG38,0.875,0.692307692,0.373626374,0.269406393,0.714285714,0,0.530172414,1,0.428571429,0.5,19,0.82,32,228.97,57.24,459.77,z_score_nest_pa,1,57.24,3149
SEG21,z_score_nest_pa_SEG21,SCH,SEG21,10,2,SEG38,0.875,0.692307692,0.373626374,0.269406393,0.714285714,0,0.530172414,1,0.428571429,0.5,8.3,0.55,32,228.97,57.24,459.77,z_score_nest_pa,1,57.24,3149
SEG22,z_score_nest_pa_SEG22,SCH,SEG22,10,3,SEG38,0.875,0.692307692,0.373626374,0.269406393,0.714285714,0,0.530172414,1,0.428571429,0.5,33.67,0.26,50,330.29,82.57,788.14,z_score_nest_pa,1,82.57,3149
SEG23,z_score_nest_pa_SEG23,SCH,SEG23,10,3,SEG38,0.875,0.692307692,0.373626374,0.269406393,0.714285714,0,0.530172414,1,0.428571429,0.5,43.4,0.18,37,278.8,69.7,616.13,z_score_nest_pa,1,69.7,3149
SEG24,z_score_nest_pa_SEG24,SCH,SEG24,10,3,SEG38,0.875,0.692307692,0.373626374,0.269406393,0.714285714,0,0.530172414,1,0.428571429,0.5,58.69,0.72,37,278.8,69.7,616.13,z_score_nest_pa,1,69.7,3149
SEG25,z_score_nest_pa_SEG25,SCH,SEG25,10,2,SEG38,0.875,0.692307692,0.373626374,0.269406393,0.714285714,0,0.530172414,1,0.428571429,0.5,8.98,0.98,35,255.32,63.83,553.59,z_score_nest_pa,1,63.83,3149
SEG26,z_score_nest_pa_SEG26,SCH,SEG26,10,2,SEG38,0.875,0.692307692,0.373626374,0.269406393,0.714285714,0,0.530172414,1,0.428571429,0.5,43.4,0.31,34,247.46,61.87,522.31,z_score_nest_pa,1,61.87,3149
SEG28,z_score_nest_pa_SEG28,SCH,SEG28,10,3,SEG38,0.875,0.692307692,0.373626374,0.269406393,0.714285714,0,0.530172414,1,0.428571429,0.5,19.9,0.96,48,326.36,81.59,772.5,z_score_nest_pa,1,81.59,3149
SEG29,z_score_nest_pa_SEG29,SCH,SEG29,10,3,SEG38,0.875,0.692307692,0.373626374,0.269406393,0.714285714,0,0.530172414,1,0.428571429,0.5,19.9,0.62,48,326.36,81.59,772.5,z_score_nest_pa,1,81.59,3149
SEG31,z_score_nest_pa_SEG31,SCH,SEG31,10,3,SEG38,0.875,0.692307692,0.373626374,0.269406393,0.714285714,0,0.530172414,1,0.428571429,0.5,32.44,4.68,45,321.06,80.27,756.86,z_score_nest_pa,1,80.27,3149
SEG32,z_score_nest_pa_SEG32,SCH,SEG32,10,3,SEG38,0.875,0.692307692,0.373626374,0.269406393,0.714285714,0,0.530172414,1,0.428571429,0.5,32.44,2.44,56,344.84,86.21,835.05,z_score_nest_pa,1,86.21,3149
SEG33,z_score_nest_pa_SEG33,SCH,SEG33,10,3,SEG38,0.875,0.692307692,0.373626374,0.269406393,0.714285714,0,0.530172414,1,0.428571429,0.5,8.17,3.55,37,278.8,69.7,616.13,z_score_nest_pa,1,69.7,3149
SEG34,z_score_nest_pa_SEG34,SCH,SEG34,10,3,SEG38,0.875,0.692307692,0.373626374,0.269406393,0.714285714,0,0.530172414,1,0.428571429,0.5,27.76,8.09,37,278.8,69.7,616.13,z_score_nest_pa,1,69.7,3149
SEG35,z_score_nest_pa_SEG35,SCH,SEG35,10,3,SEG38,0.875,0.692307692,0.373626374,0.269406393,0.714285714,0,0.530172414,1,0.428571429,0.5,27.76,2.47,40,311.82,77.96,725.59,z_score_nest_pa,1,77.96,3149
SEG36,z_score_nest_pa_SEG36,SCH,SEG36,10,3,SEG38,0.875,0.692307692,0.373626374,0.269406393,0.714285714,0,0.530172414,1,0.428571429,0.5,6.56,3.33,36,270.93,67.73,584.86,z_score_nest_pa,1,67.73,3149
SEG37,z_score_nest_pa_SEG37,SCH,SEG37,15,1,SEG36,1,0.538461538,0.472222222,0.312169312,0.69047619,0,0.551724138,0.769957214,0.75,0.5,18.16,4.37,21,318.63,79.66,131.4,z_score_nest_pa,0.769957214291944,79.66,3149
SEG38,z_score_nest_pa_SEG38,SCH,SEG38,10,2,SEG38,0.875,0.692307692,0.373626374,0.269406393,0.714285714,0,0.530172414,1,0.428571429,0.5,3.32,2.1,34,247.46,61.87,522.31,z_score_nest_pa,1,61.87,3149
SEG39,z_score_nest_pa_SEG39,SCH,SEG39,10,2,SEG38,0.875,0.692307692,0.373626374,0.269406393,0.714285714,0,0.530172414,1,0.428571429,0.5,11.76,1.74,34,247.46,61.87,522.31,z_score_nest_pa,1,61.87,3149
SEG40,z_score_nest_pa_SEG40,SCH,SEG40,15,1,SEG36,1,0.538461538,0.472222222,0.312169312,0.69047619,0,0.551724138,0.769957214,0.75,0.5,16.62,3.88,25,318.25,79.56,256.49,z_score_nest_pa,0.769957214291944,79.56,3149
SEG41,z_score_nest_pa_SEG41,SCH,SEG41,10,3,SEG38,0.875,0.692307692,0.373626374,0.269406393,0.714285714,0,0.530172414,1,0.428571429,0.5,8.11,0.98,39,297.28,74.32,678.68,z_score_nest_pa,1,74.32,3149
SEG42,z_score_nest_pa_SEG42,SCH,SEG42,10,2,SEG38,0.875,0.692307692,0.373626374,0.269406393,0.714285714,0,0.530172414,1,0.428571429,0.5,10.93,4.01,29,333.53,83.38,365.95,z_score_nest_pa,1,83.38,3149
SEG43,z_score_nest_pa_SEG43,SCH,SEG43,15,1,SEG36,1,0.538461538,0.472222222,0.312169312,0.69047619,0,0.551724138,0.769957214,0.75,0.5,9.72,2.82,23,318.45,79.61,193.94,z_score_nest_pa,0.769957214291944,79.61,3149
SEG46,z_score_nest_pa_SEG46,SCH,SEG46,10,3,SEG38,0.875,0.692307692,0.373626374,0.269406393,0.714285714,0,0.530172414,1,0.428571429,0.5,3.34,1.67,41,311.82,77.96,725.59,z_score_nest_pa,1,77.96,3149
SEG47,z_score_nest_pa_SEG47,SCH,SEG47,10,3,SEG38,0.875,0.692307692,0.373626374,0.269406393,0.714285714,0,0.530172414,1,0.428571429,0.5,10.08,4.99,36,270.93,67.73,584.86,z_score_nest_pa,1,67.73,3149
SEG48,z_score_nest_pa_SEG48,SCH,SEG48,10,3,SEG38,0.875,0.692307692,0.373626374,0.269406393,0.714285714,0,0.530172414,1,0.428571429,0.5,42.2,1.02,37,278.8,69.7,616.13,z_score_nest_pa,1,69.7,3149
SEG49,z_score_nest_pa_SEG49,SCH,SEG49,15,1,SEG36,1,0.538461538,0.472222222,0.312169312,0.69047619,0,0.551724138,0.769957214,0.75,0.5,10.53,1.39,26,333.81,83.45,272.13,z_score_nest_pa,0.769957214291944,83.45,3149
