site_id,id,region,epid,measure_id,glz_class,epid_assigned,n_lepi,n_plant,n_red_list_lepi_pa,n_red_list_plant_pa,av_reg_dist_lepi_pa,av_reg_dist_plant_pa,sum_troph_int_pa,n_unique_int_pa,connectance_pa,z_score_nest_pa,sum_crops_pa,n_crop_pests_pa,sizemanagementunit_ha,slope,glz,oc_ha,oc_0.25ha,p_ha,optimisation,ecovalue,cost,budget
AEG1,sum_crops_pa_AEG01,ALB,AEG01,14,2,AEG44,0.38889,0.43333,0.16667,0.28571,0.31765,0.12037,0.25806,0,0.35841,0.3427,0.23333,1,9.79,4.98,29,5.43,1.3575,574.31,sum_crops_pa,0.233333333333333,1.3575,754
AEG2,sum_crops_pa_AEG02,ALB,AEG02,14,2,AEG44,0.38889,0.43333,0.16667,0.28571,0.31765,0.12037,0.25806,0,0.35841,0.3427,0.23333,1,6.34,10.83,29,5.43,1.3575,574.31,sum_crops_pa,0.233333333333333,1.3575,754
AEG3,sum_crops_pa_AEG03,ALB,AEG03,15,2,AEG14,0.27778,0.13333,0,0.28571,0.06659,0.05856,0.24516,0,0.95847,0.89153,1,0,5.19,5.5,30,39.08,9.77,567.14,sum_crops_pa,1,9.77,754
AEG4,sum_crops_pa_AEG04,ALB,AEG04,5,3,AEG38,0.22222,0.33333,0.16667,0.14286,0.20392,0.12037,0.18065,0,0.51751,0.64879,0.46667,0.5,4.39,18.68,36,123.7,30.925,624.59,sum_crops_pa,0.466666666666667,30.925,754
AEG5,sum_crops_pa_AEG05,ALB,AEG05,5,3,AEG38,0.22222,0.33333,0.16667,0.14286,0.20392,0.12037,0.18065,0,0.51751,0.64879,0.46667,0.5,8.16,4.87,36,123.7,30.925,624.59,sum_crops_pa,0.466666666666667,30.925,754
AEG6,sum_crops_pa_AEG06,ALB,AEG06,5,3,AEG38,0.22222,0.33333,0.16667,0.14286,0.20392,0.12037,0.18065,0,0.51751,0.64879,0.46667,0.5,6.4,12.67,38,140.96,35.24,643.46,sum_crops_pa,0.466666666666667,35.24,754
AEG7,sum_crops_pa_AEG07,ALB,AEG07,6,1,AEG23,0.11111,0.43333,0,0.28571,0,0.18571,0.20645,0,1,0.36939,0.46667,0.5,9.1,18.05,18,15.75,3.9375,387.39,sum_crops_pa,0.466666666666667,3.9375,754
AEG8,sum_crops_pa_AEG08,ALB,AEG08,15,2,AEG14,0.27778,0.13333,0,0.28571,0.06659,0.05856,0.24516,0,0.95847,0.89153,1,0,8.1,6.54,26,40.85,10.2125,459.42,sum_crops_pa,1,10.2125,754
AEG9,sum_crops_pa_AEG09,ALB,AEG09,12,1,AEG09,1,0.9,1,0.85714,0.65882,0.67241,0.89032,0.5,0.35467,0.7213,0.26667,1,12.39,23.69,18,631.82,157.955,-401.34,sum_crops_pa,0.266666666666667,157.955,754
AEG11,sum_crops_pa_AEG11,ALB,AEG11,5,3,AEG38,0.22222,0.33333,0.16667,0.14286,0.20392,0.12037,0.18065,0,0.51751,0.64879,0.46667,0.5,5.61,8.87,35,115.34,28.835,614.9,sum_crops_pa,0.466666666666667,28.835,754
AEG12,sum_crops_pa_AEG12,ALB,AEG12,6,1,AEG23,0.11111,0.43333,0,0.28571,0,0.18571,0.20645,0,1,0.36939,0.46667,0.5,14.75,8.5,22,17.92,4.48,440.71,sum_crops_pa,0.466666666666667,4.48,754
AEG13,sum_crops_pa_AEG13,ALB,AEG13,15,2,AEG14,0.27778,0.13333,0,0.28571,0.06659,0.05856,0.24516,0,0.95847,0.89153,1,0,6.74,12.49,33,41.22,10.305,644.47,sum_crops_pa,1,10.305,754
AEG14,sum_crops_pa_AEG14,ALB,AEG14,6,2,AEG23,0.11111,0.43333,0,0.28571,0,0.18571,0.20645,0,1,0.36939,0.46667,0.5,5.64,10.74,25,19.46,4.865,478.59,sum_crops_pa,0.466666666666667,4.865,754
AEG15,sum_crops_pa_AEG15,ALB,AEG15,15,2,AEG14,0.27778,0.13333,0,0.28571,0.06659,0.05856,0.24516,0,0.95847,0.89153,1,0,3.78,11.94,33,41.22,10.305,644.47,sum_crops_pa,1,10.305,754
AEG17,sum_crops_pa_AEG17,ALB,AEG17,14,2,AEG44,0.38889,0.43333,0.16667,0.28571,0.31765,0.12037,0.25806,0,0.35841,0.3427,0.23333,1,1.98,10.02,29,5.43,1.3575,574.31,sum_crops_pa,0.233333333333333,1.3575,754
AEG18,sum_crops_pa_AEG18,ALB,AEG18,6,1,AEG23,0.11111,0.43333,0,0.28571,0,0.18571,0.20645,0,1,0.36939,0.46667,0.5,3.5,6.57,20,16.85,4.2125,414.45,sum_crops_pa,0.466666666666667,4.2125,754
AEG19,sum_crops_pa_AEG19,ALB,AEG19,14,2,AEG44,0.38889,0.43333,0.16667,0.28571,0.31765,0.12037,0.25806,0,0.35841,0.3427,0.23333,1,5.13,10.69,29,5.43,1.3575,574.31,sum_crops_pa,0.233333333333333,1.3575,754
AEG20,sum_crops_pa_AEG20,ALB,AEG20,13,2,AEG46,0.22222,0.26667,0,0.14286,0.05229,0.12037,0.17419,0,0.56255,0.37067,0.5,0.5,2.19,26.93,27,515.88,128.97,2.57,sum_crops_pa,0.5,128.97,754
AEG21,sum_crops_pa_AEG21,ALB,AEG21,14,2,AEG44,0.38889,0.43333,0.16667,0.28571,0.31765,0.12037,0.25806,0,0.35841,0.3427,0.23333,1,2.93,5.28,28,6.19,1.5475,547.05,sum_crops_pa,0.233333333333333,1.5475,754
AEG22,sum_crops_pa_AEG22,ALB,AEG22,15,2,AEG14,0.27778,0.13333,0,0.28571,0.06659,0.05856,0.24516,0,0.95847,0.89153,1,0,4.84,14.89,30,39.08,9.77,567.14,sum_crops_pa,1,9.77,754
AEG23,sum_crops_pa_AEG23,ALB,AEG23,5,3,AEG38,0.22222,0.33333,0.16667,0.14286,0.20392,0.12037,0.18065,0,0.51751,0.64879,0.46667,0.5,0.49,2.53,44,196.86,49.215,695.91,sum_crops_pa,0.466666666666667,49.215,754
AEG24,sum_crops_pa_AEG24,ALB,AEG24,15,2,AEG14,0.27778,0.13333,0,0.28571,0.06659,0.05856,0.24516,0,0.95847,0.89153,1,0,1.88,4.86,32,40.18,10.045,619.02,sum_crops_pa,1,10.045,754
AEG25,sum_crops_pa_AEG25,ALB,AEG25,15,2,AEG14,0.27778,0.13333,0,0.28571,0.06659,0.05856,0.24516,0,0.95847,0.89153,1,0,22.06,17.17,34,42.6,10.65,669.58,sum_crops_pa,1,10.65,754
AEG27,sum_crops_pa_AEG27,ALB,AEG27,6,1,AEG23,0.11111,0.43333,0,0.28571,0,0.18571,0.20645,0,1,0.36939,0.46667,0.5,2.21,10.49,17,15.19,3.7975,373.56,sum_crops_pa,0.466666666666667,3.7975,754
AEG30,sum_crops_pa_AEG30,ALB,AEG30,15,2,AEG14,0.27778,0.13333,0,0.28571,0.06659,0.05856,0.24516,0,0.95847,0.89153,1,0,1.37,11.29,32,40.18,10.045,619.02,sum_crops_pa,1,10.045,754
AEG31,sum_crops_pa_AEG31,ALB,AEG31,6,1,AEG23,0.11111,0.43333,0,0.28571,0,0.18571,0.20645,0,1,0.36939,0.46667,0.5,4.28,14.27,22,17.92,4.48,440.71,sum_crops_pa,0.466666666666667,4.48,754
AEG36,sum_crops_pa_AEG36,ALB,AEG36,15,2,AEG14,0.27778,0.13333,0,0.28571,0.06659,0.05856,0.24516,0,0.95847,0.89153,1,0,9.64,6.45,30,39.08,9.77,567.14,sum_crops_pa,1,9.77,754
AEG37,sum_crops_pa_AEG37,ALB,AEG37,5,2,AEG38,0.22222,0.33333,0.16667,0.14286,0.20392,0.12037,0.18065,0,0.51751,0.64879,0.46667,0.5,3.93,17.6,27,3.47,0.8675,523.29,sum_crops_pa,0.466666666666667,0.8675,754
AEG38,sum_crops_pa_AEG38,ALB,AEG38,5,3,AEG38,0.22222,0.33333,0.16667,0.14286,0.20392,0.12037,0.18065,0,0.51751,0.64879,0.46667,0.5,1.28,3.02,43,187.11,46.7775,687.6,sum_crops_pa,0.466666666666667,46.7775,754
AEG39,sum_crops_pa_AEG39,ALB,AEG39,14,2,AEG44,0.38889,0.43333,0.16667,0.28571,0.31765,0.12037,0.25806,0,0.35841,0.3427,0.23333,1,5.55,10.74,29,5.43,1.3575,574.31,sum_crops_pa,0.233333333333333,1.3575,754
AEG40,sum_crops_pa_AEG40,ALB,AEG40,14,2,AEG44,0.38889,0.43333,0.16667,0.28571,0.31765,0.12037,0.25806,0,0.35841,0.3427,0.23333,1,0.88,13.89,28,6.19,1.5475,547.05,sum_crops_pa,0.233333333333333,1.5475,754
AEG41,sum_crops_pa_AEG41,ALB,AEG41,15,2,AEG14,0.27778,0.13333,0,0.28571,0.06659,0.05856,0.24516,0,0.95847,0.89153,1,0,5.39,14.55,31,39.46,9.865,593.25,sum_crops_pa,1,9.865,754
AEG42,sum_crops_pa_AEG42,ALB,AEG42,15,2,AEG14,0.27778,0.13333,0,0.28571,0.06659,0.05856,0.24516,0,0.95847,0.89153,1,0,2.54,19.53,30,39.08,9.77,567.14,sum_crops_pa,1,9.77,754
AEG43,sum_crops_pa_AEG43,ALB,AEG43,14,2,AEG44,0.38889,0.43333,0.16667,0.28571,0.31765,0.12037,0.25806,0,0.35841,0.3427,0.23333,1,0.7,14.02,28,6.19,1.5475,547.05,sum_crops_pa,0.233333333333333,1.5475,754
AEG44,sum_crops_pa_AEG44,ALB,AEG44,14,3,AEG44,0.38889,0.43333,0.16667,0.28571,0.31765,0.12037,0.25806,0,0.35841,0.3427,0.23333,1,1.16,24.71,36,170.63,42.6575,574.31,sum_crops_pa,0.233333333333333,42.6575,754
AEG45,sum_crops_pa_AEG45,ALB,AEG45,5,3,AEG38,0.22222,0.33333,0.16667,0.14286,0.20392,0.12037,0.18065,0,0.51751,0.64879,0.46667,0.5,1.55,7.55,40,158.9,39.725,661.63,sum_crops_pa,0.466666666666667,39.725,754
AEG46,sum_crops_pa_AEG46,ALB,AEG46,15,2,AEG14,0.27778,0.13333,0,0.28571,0.06659,0.05856,0.24516,0,0.95847,0.89153,1,0,5.44,14.48,30,39.08,9.77,567.14,sum_crops_pa,1,9.77,754
AEG48,sum_crops_pa_AEG48,ALB,AEG48,6,1,AEG23,0.11111,0.43333,0,0.28571,0,0.18571,0.20645,0,1,0.36939,0.46667,0.5,7.68,18.05,18,15.75,3.9375,387.39,sum_crops_pa,0.466666666666667,3.9375,754
AEG1,z_score_nest_pa_AEG01,ALB,AEG01,14,2,AEG44,0.38889,0.43333,0.16667,0.28571,0.31765,0.12037,0.25806,0,0.35841,0.3427,0.23333,1,9.79,4.98,29,5.43,1.3575,574.31,z_score_nest_pa,0.3427034431646,1.3575,927
AEG2,z_score_nest_pa_AEG02,ALB,AEG02,14,2,AEG44,0.38889,0.43333,0.16667,0.28571,0.31765,0.12037,0.25806,0,0.35841,0.3427,0.23333,1,6.34,10.83,29,5.43,1.3575,574.31,z_score_nest_pa,0.3427034431646,1.3575,927
AEG3,z_score_nest_pa_AEG03,ALB,AEG03,15,2,AEG14,0.27778,0.13333,0,0.28571,0.06659,0.05856,0.24516,0,0.95847,0.89153,1,0,5.19,5.5,30,39.08,9.77,567.14,z_score_nest_pa,0.891529811990352,9.77,927
AEG4,z_score_nest_pa_AEG04,ALB,AEG04,5,3,AEG38,0.22222,0.33333,0.16667,0.14286,0.20392,0.12037,0.18065,0,0.51751,0.64879,0.46667,0.5,4.39,18.68,36,123.7,30.925,624.59,z_score_nest_pa,0.648791083049666,30.925,927
AEG5,z_score_nest_pa_AEG05,ALB,AEG05,5,3,AEG38,0.22222,0.33333,0.16667,0.14286,0.20392,0.12037,0.18065,0,0.51751,0.64879,0.46667,0.5,8.16,4.87,36,123.7,30.925,624.59,z_score_nest_pa,0.648791083049666,30.925,927
AEG6,z_score_nest_pa_AEG06,ALB,AEG06,5,3,AEG38,0.22222,0.33333,0.16667,0.14286,0.20392,0.12037,0.18065,0,0.51751,0.64879,0.46667,0.5,6.4,12.67,38,140.96,35.24,643.46,z_score_nest_pa,0.648791083049666,35.24,927
AEG7,z_score_nest_pa_AEG07,ALB,AEG07,6,1,AEG23,0.11111,0.43333,0,0.28571,0,0.18571,0.20645,0,1,0.36939,0.46667,0.5,9.1,18.05,18,15.75,3.9375,387.39,z_score_nest_pa,0.369389206646884,3.9375,927
AEG8,z_score_nest_pa_AEG08,ALB,AEG08,15,2,AEG14,0.27778,0.13333,0,0.28571,0.06659,0.05856,0.24516,0,0.95847,0.89153,1,0,8.1,6.54,26,40.85,10.2125,459.42,z_score_nest_pa,0.891529811990352,10.2125,927
AEG9,z_score_nest_pa_AEG09,ALB,AEG09,12,1,AEG09,1,0.9,1,0.85714,0.65882,0.67241,0.89032,0.5,0.35467,0.7213,0.26667,1,12.39,23.69,18,631.82,157.955,-401.34,z_score_nest_pa,0.721303505997202,157.955,927
AEG11,z_score_nest_pa_AEG11,ALB,AEG11,5,3,AEG38,0.22222,0.33333,0.16667,0.14286,0.20392,0.12037,0.18065,0,0.51751,0.64879,0.46667,0.5,5.61,8.87,35,115.34,28.835,614.9,z_score_nest_pa,0.648791083049666,28.835,927
AEG12,z_score_nest_pa_AEG12,ALB,AEG12,6,1,AEG23,0.11111,0.43333,0,0.28571,0,0.18571,0.20645,0,1,0.36939,0.46667,0.5,14.75,8.5,22,17.92,4.48,440.71,z_score_nest_pa,0.369389206646884,4.48,927
AEG13,z_score_nest_pa_AEG13,ALB,AEG13,15,2,AEG14,0.27778,0.13333,0,0.28571,0.06659,0.05856,0.24516,0,0.95847,0.89153,1,0,6.74,12.49,33,41.22,10.305,644.47,z_score_nest_pa,0.891529811990352,10.305,927
AEG14,z_score_nest_pa_AEG14,ALB,AEG14,15,2,AEG14,0.27778,0.13333,0,0.28571,0.06659,0.05856,0.24516,0,0.95847,0.89153,1,0,5.64,10.74,25,42.12,10.53,431.66,z_score_nest_pa,0.891529811990352,10.53,927
AEG15,z_score_nest_pa_AEG15,ALB,AEG15,15,2,AEG14,0.27778,0.13333,0,0.28571,0.06659,0.05856,0.24516,0,0.95847,0.89153,1,0,3.78,11.94,33,41.22,10.305,644.47,z_score_nest_pa,0.891529811990352,10.305,927
AEG17,z_score_nest_pa_AEG17,ALB,AEG17,14,2,AEG44,0.38889,0.43333,0.16667,0.28571,0.31765,0.12037,0.25806,0,0.35841,0.3427,0.23333,1,1.98,10.02,29,5.43,1.3575,574.31,z_score_nest_pa,0.3427034431646,1.3575,927
AEG18,z_score_nest_pa_AEG18,ALB,AEG18,6,1,AEG23,0.11111,0.43333,0,0.28571,0,0.18571,0.20645,0,1,0.36939,0.46667,0.5,3.5,6.57,20,16.85,4.2125,414.45,z_score_nest_pa,0.369389206646884,4.2125,927
AEG19,z_score_nest_pa_AEG19,ALB,AEG19,14,2,AEG44,0.38889,0.43333,0.16667,0.28571,0.31765,0.12037,0.25806,0,0.35841,0.3427,0.23333,1,5.13,10.69,29,5.43,1.3575,574.31,z_score_nest_pa,0.3427034431646,1.3575,927
AEG20,z_score_nest_pa_AEG20,ALB,AEG20,14,2,AEG44,0.38889,0.43333,0.16667,0.28571,0.31765,0.12037,0.25806,0,0.35841,0.3427,0.23333,1,2.19,26.93,27,0,0,518.44,z_score_nest_pa,0.3427034431646,0,927
AEG21,z_score_nest_pa_AEG21,ALB,AEG21,14,2,AEG44,0.38889,0.43333,0.16667,0.28571,0.31765,0.12037,0.25806,0,0.35841,0.3427,0.23333,1,2.93,5.28,28,6.19,1.5475,547.05,z_score_nest_pa,0.3427034431646,1.5475,927
AEG22,z_score_nest_pa_AEG22,ALB,AEG22,15,2,AEG14,0.27778,0.13333,0,0.28571,0.06659,0.05856,0.24516,0,0.95847,0.89153,1,0,4.84,14.89,30,39.08,9.77,567.14,z_score_nest_pa,0.891529811990352,9.77,927
AEG23,z_score_nest_pa_AEG23,ALB,AEG23,5,3,AEG38,0.22222,0.33333,0.16667,0.14286,0.20392,0.12037,0.18065,0,0.51751,0.64879,0.46667,0.5,0.49,2.53,44,196.86,49.215,695.91,z_score_nest_pa,0.648791083049666,49.215,927
AEG24,z_score_nest_pa_AEG24,ALB,AEG24,15,2,AEG14,0.27778,0.13333,0,0.28571,0.06659,0.05856,0.24516,0,0.95847,0.89153,1,0,1.88,4.86,32,40.18,10.045,619.02,z_score_nest_pa,0.891529811990352,10.045,927
AEG25,z_score_nest_pa_AEG25,ALB,AEG25,15,2,AEG14,0.27778,0.13333,0,0.28571,0.06659,0.05856,0.24516,0,0.95847,0.89153,1,0,22.06,17.17,34,42.6,10.65,669.58,z_score_nest_pa,0.891529811990352,10.65,927
AEG26,z_score_nest_pa_AEG26,ALB,AEG26,12,1,AEG47,0.83333,0.83333,0.83333,0.42857,0.65882,0.57778,1,0,0.64851,0.66035,0,1,1.4,23.34,19,647.77,161.9425,-380.8,z_score_nest_pa,0.660346083248153,161.9425,927
AEG27,z_score_nest_pa_AEG27,ALB,AEG27,6,1,AEG23,0.11111,0.43333,0,0.28571,0,0.18571,0.20645,0,1,0.36939,0.46667,0.5,2.21,10.49,17,15.19,3.7975,373.56,z_score_nest_pa,0.369389206646884,3.7975,927
AEG30,z_score_nest_pa_AEG30,ALB,AEG30,15,2,AEG14,0.27778,0.13333,0,0.28571,0.06659,0.05856,0.24516,0,0.95847,0.89153,1,0,1.37,11.29,32,40.18,10.045,619.02,z_score_nest_pa,0.891529811990352,10.045,927
AEG31,z_score_nest_pa_AEG31,ALB,AEG31,6,1,AEG23,0.11111,0.43333,0,0.28571,0,0.18571,0.20645,0,1,0.36939,0.46667,0.5,4.28,14.27,22,17.92,4.48,440.71,z_score_nest_pa,0.369389206646884,4.48,927
AEG36,z_score_nest_pa_AEG36,ALB,AEG36,15,2,AEG14,0.27778,0.13333,0,0.28571,0.06659,0.05856,0.24516,0,0.95847,0.89153,1,0,9.64,6.45,30,39.08,9.77,567.14,z_score_nest_pa,0.891529811990352,9.77,927
AEG37,z_score_nest_pa_AEG37,ALB,AEG37,5,2,AEG38,0.22222,0.33333,0.16667,0.14286,0.20392,0.12037,0.18065,0,0.51751,0.64879,0.46667,0.5,3.93,17.6,27,3.47,0.8675,523.29,z_score_nest_pa,0.648791083049666,0.8675,927
AEG38,z_score_nest_pa_AEG38,ALB,AEG38,5,3,AEG38,0.22222,0.33333,0.16667,0.14286,0.20392,0.12037,0.18065,0,0.51751,0.64879,0.46667,0.5,1.28,3.02,43,187.11,46.7775,687.6,z_score_nest_pa,0.648791083049666,46.7775,927
AEG39,z_score_nest_pa_AEG39,ALB,AEG39,14,2,AEG44,0.38889,0.43333,0.16667,0.28571,0.31765,0.12037,0.25806,0,0.35841,0.3427,0.23333,1,5.55,10.74,29,5.43,1.3575,574.31,z_score_nest_pa,0.3427034431646,1.3575,927
AEG40,z_score_nest_pa_AEG40,ALB,AEG40,14,2,AEG44,0.38889,0.43333,0.16667,0.28571,0.31765,0.12037,0.25806,0,0.35841,0.3427,0.23333,1,0.88,13.89,28,6.19,1.5475,547.05,z_score_nest_pa,0.3427034431646,1.5475,927
AEG41,z_score_nest_pa_AEG41,ALB,AEG41,15,2,AEG14,0.27778,0.13333,0,0.28571,0.06659,0.05856,0.24516,0,0.95847,0.89153,1,0,5.39,14.55,31,39.46,9.865,593.25,z_score_nest_pa,0.891529811990352,9.865,927
AEG42,z_score_nest_pa_AEG42,ALB,AEG42,15,2,AEG14,0.27778,0.13333,0,0.28571,0.06659,0.05856,0.24516,0,0.95847,0.89153,1,0,2.54,19.53,30,39.08,9.77,567.14,z_score_nest_pa,0.891529811990352,9.77,927
AEG43,z_score_nest_pa_AEG43,ALB,AEG43,14,2,AEG44,0.38889,0.43333,0.16667,0.28571,0.31765,0.12037,0.25806,0,0.35841,0.3427,0.23333,1,0.7,14.02,28,6.19,1.5475,547.05,z_score_nest_pa,0.3427034431646,1.5475,927
AEG44,z_score_nest_pa_AEG44,ALB,AEG44,14,3,AEG44,0.38889,0.43333,0.16667,0.28571,0.31765,0.12037,0.25806,0,0.35841,0.3427,0.23333,1,1.16,24.71,36,170.63,42.6575,574.31,z_score_nest_pa,0.3427034431646,42.6575,927
AEG45,z_score_nest_pa_AEG45,ALB,AEG45,5,3,AEG38,0.22222,0.33333,0.16667,0.14286,0.20392,0.12037,0.18065,0,0.51751,0.64879,0.46667,0.5,1.55,7.55,40,158.9,39.725,661.63,z_score_nest_pa,0.648791083049666,39.725,927
AEG46,z_score_nest_pa_AEG46,ALB,AEG46,15,2,AEG14,0.27778,0.13333,0,0.28571,0.06659,0.05856,0.24516,0,0.95847,0.89153,1,0,5.44,14.48,30,39.08,9.77,567.14,z_score_nest_pa,0.891529811990352,9.77,927
AEG47,z_score_nest_pa_AEG47,ALB,AEG47,12,1,AEG47,0.83333,0.83333,0.83333,0.42857,0.65882,0.57778,1,0,0.64851,0.66035,0,1,7.68,29.89,16,538.3,134.575,-380.8,z_score_nest_pa,0.660346083248153,134.575,927
AEG48,z_score_nest_pa_AEG48,ALB,AEG48,6,1,AEG23,0.11111,0.43333,0,0.28571,0,0.18571,0.20645,0,1,0.36939,0.46667,0.5,7.68,18.05,18,15.75,3.9375,387.39,z_score_nest_pa,0.369389206646884,3.9375,927
AEG1,connectance_pa_AEG01,ALB,AEG01,14,2,AEG44,0.38889,0.43333,0.16667,0.28571,0.31765,0.12037,0.25806,0,0.35841,0.3427,0.23333,1,9.79,4.98,29,5.43,1.3575,574.31,connectance_pa,0.358405911850092,1.3575,932
AEG2,connectance_pa_AEG02,ALB,AEG02,14,2,AEG44,0.38889,0.43333,0.16667,0.28571,0.31765,0.12037,0.25806,0,0.35841,0.3427,0.23333,1,6.34,10.83,29,5.43,1.3575,574.31,connectance_pa,0.358405911850092,1.3575,932
AEG3,connectance_pa_AEG03,ALB,AEG03,15,2,AEG14,0.27778,0.13333,0,0.28571,0.06659,0.05856,0.24516,0,0.95847,0.89153,1,0,5.19,5.5,30,39.08,9.77,567.14,connectance_pa,0.958466236851035,9.77,932
AEG4,connectance_pa_AEG04,ALB,AEG04,6,3,AEG23,0.11111,0.43333,0,0.28571,0,0.18571,0.20645,0,1,0.36939,0.46667,0.5,4.39,18.68,36,148.11,37.0275,600.19,connectance_pa,1,37.0275,932
AEG5,connectance_pa_AEG05,ALB,AEG05,6,3,AEG23,0.11111,0.43333,0,0.28571,0,0.18571,0.20645,0,1,0.36939,0.46667,0.5,8.16,4.87,36,148.11,37.0275,600.19,connectance_pa,1,37.0275,932
AEG6,connectance_pa_AEG06,ALB,AEG06,6,3,AEG23,0.11111,0.43333,0,0.28571,0,0.18571,0.20645,0,1,0.36939,0.46667,0.5,6.4,12.67,38,166.1,41.525,618.32,connectance_pa,1,41.525,932
AEG7,connectance_pa_AEG07,ALB,AEG07,6,1,AEG23,0.11111,0.43333,0,0.28571,0,0.18571,0.20645,0,1,0.36939,0.46667,0.5,9.1,18.05,18,15.75,3.9375,387.39,connectance_pa,1,3.9375,932
AEG8,connectance_pa_AEG08,ALB,AEG08,6,2,AEG23,0.11111,0.43333,0,0.28571,0,0.18571,0.20645,0,1,0.36939,0.46667,0.5,8.1,6.54,26,19.96,4.99,490.82,connectance_pa,1,4.99,932
AEG11,connectance_pa_AEG11,ALB,AEG11,6,3,AEG23,0.11111,0.43333,0,0.28571,0,0.18571,0.20645,0,1,0.36939,0.46667,0.5,5.61,8.87,35,139.36,34.84,590.87,connectance_pa,1,34.84,932
AEG12,connectance_pa_AEG12,ALB,AEG12,6,1,AEG23,0.11111,0.43333,0,0.28571,0,0.18571,0.20645,0,1,0.36939,0.46667,0.5,14.75,8.5,22,17.92,4.48,440.71,connectance_pa,1,4.48,932
AEG13,connectance_pa_AEG13,ALB,AEG13,15,2,AEG14,0.27778,0.13333,0,0.28571,0.06659,0.05856,0.24516,0,0.95847,0.89153,1,0,6.74,12.49,33,41.22,10.305,644.47,connectance_pa,0.958466236851035,10.305,932
AEG14,connectance_pa_AEG14,ALB,AEG14,6,2,AEG23,0.11111,0.43333,0,0.28571,0,0.18571,0.20645,0,1,0.36939,0.46667,0.5,5.64,10.74,25,19.46,4.865,478.59,connectance_pa,1,4.865,932
AEG15,connectance_pa_AEG15,ALB,AEG15,15,2,AEG14,0.27778,0.13333,0,0.28571,0.06659,0.05856,0.24516,0,0.95847,0.89153,1,0,3.78,11.94,33,41.22,10.305,644.47,connectance_pa,0.958466236851035,10.305,932
AEG17,connectance_pa_AEG17,ALB,AEG17,14,2,AEG44,0.38889,0.43333,0.16667,0.28571,0.31765,0.12037,0.25806,0,0.35841,0.3427,0.23333,1,1.98,10.02,29,5.43,1.3575,574.31,connectance_pa,0.358405911850092,1.3575,932
AEG18,connectance_pa_AEG18,ALB,AEG18,6,1,AEG23,0.11111,0.43333,0,0.28571,0,0.18571,0.20645,0,1,0.36939,0.46667,0.5,3.5,6.57,20,16.85,4.2125,414.45,connectance_pa,1,4.2125,932
AEG19,connectance_pa_AEG19,ALB,AEG19,14,2,AEG44,0.38889,0.43333,0.16667,0.28571,0.31765,0.12037,0.25806,0,0.35841,0.3427,0.23333,1,5.13,10.69,29,5.43,1.3575,574.31,connectance_pa,0.358405911850092,1.3575,932
AEG20,connectance_pa_AEG20,ALB,AEG20,13,2,AEG46,0.22222,0.26667,0,0.14286,0.05229,0.12037,0.17419,0,0.56255,0.37067,0.5,0.5,2.19,26.93,27,515.88,128.97,2.57,connectance_pa,0.562549485352336,128.97,932
AEG21,connectance_pa_AEG21,ALB,AEG21,14,2,AEG44,0.38889,0.43333,0.16667,0.28571,0.31765,0.12037,0.25806,0,0.35841,0.3427,0.23333,1,2.93,5.28,28,6.19,1.5475,547.05,connectance_pa,0.358405911850092,1.5475,932
AEG22,connectance_pa_AEG22,ALB,AEG22,15,2,AEG14,0.27778,0.13333,0,0.28571,0.06659,0.05856,0.24516,0,0.95847,0.89153,1,0,4.84,14.89,30,39.08,9.77,567.14,connectance_pa,0.958466236851035,9.77,932
AEG23,connectance_pa_AEG23,ALB,AEG23,6,3,AEG23,0.11111,0.43333,0,0.28571,0,0.18571,0.20645,0,1,0.36939,0.46667,0.5,0.49,2.53,44,224.05,56.0125,668.72,connectance_pa,1,56.0125,932
AEG24,connectance_pa_AEG24,ALB,AEG24,15,2,AEG14,0.27778,0.13333,0,0.28571,0.06659,0.05856,0.24516,0,0.95847,0.89153,1,0,1.88,4.86,32,40.18,10.045,619.02,connectance_pa,0.958466236851035,10.045,932
AEG25,connectance_pa_AEG25,ALB,AEG25,15,2,AEG14,0.27778,0.13333,0,0.28571,0.06659,0.05856,0.24516,0,0.95847,0.89153,1,0,22.06,17.17,34,42.6,10.65,669.58,connectance_pa,0.958466236851035,10.65,932
AEG26,connectance_pa_AEG26,ALB,AEG26,12,1,AEG47,0.83333,0.83333,0.83333,0.42857,0.65882,0.57778,1,0,0.64851,0.66035,0,1,1.4,23.34,19,647.77,161.9425,-380.8,connectance_pa,0.648513991078153,161.9425,932
AEG27,connectance_pa_AEG27,ALB,AEG27,6,1,AEG23,0.11111,0.43333,0,0.28571,0,0.18571,0.20645,0,1,0.36939,0.46667,0.5,2.21,10.49,17,15.19,3.7975,373.56,connectance_pa,1,3.7975,932
AEG30,connectance_pa_AEG30,ALB,AEG30,15,2,AEG14,0.27778,0.13333,0,0.28571,0.06659,0.05856,0.24516,0,0.95847,0.89153,1,0,1.37,11.29,32,40.18,10.045,619.02,connectance_pa,0.958466236851035,10.045,932
AEG31,connectance_pa_AEG31,ALB,AEG31,6,1,AEG23,0.11111,0.43333,0,0.28571,0,0.18571,0.20645,0,1,0.36939,0.46667,0.5,4.28,14.27,22,17.92,4.48,440.71,connectance_pa,1,4.48,932
AEG36,connectance_pa_AEG36,ALB,AEG36,15,2,AEG14,0.27778,0.13333,0,0.28571,0.06659,0.05856,0.24516,0,0.95847,0.89153,1,0,9.64,6.45,30,39.08,9.77,567.14,connectance_pa,0.958466236851035,9.77,932
AEG37,connectance_pa_AEG37,ALB,AEG37,5,2,AEG38,0.22222,0.33333,0.16667,0.14286,0.20392,0.12037,0.18065,0,0.51751,0.64879,0.46667,0.5,3.93,17.6,27,3.47,0.8675,523.29,connectance_pa,0.517510201595712,0.8675,932
AEG38,connectance_pa_AEG38,ALB,AEG38,6,3,AEG23,0.11111,0.43333,0,0.28571,0,0.18571,0.20645,0,1,0.36939,0.46667,0.5,1.28,3.02,43,213.98,53.495,660.74,connectance_pa,1,53.495,932
AEG39,connectance_pa_AEG39,ALB,AEG39,14,2,AEG44,0.38889,0.43333,0.16667,0.28571,0.31765,0.12037,0.25806,0,0.35841,0.3427,0.23333,1,5.55,10.74,29,5.43,1.3575,574.31,connectance_pa,0.358405911850092,1.3575,932
AEG40,connectance_pa_AEG40,ALB,AEG40,14,2,AEG44,0.38889,0.43333,0.16667,0.28571,0.31765,0.12037,0.25806,0,0.35841,0.3427,0.23333,1,0.88,13.89,28,6.19,1.5475,547.05,connectance_pa,0.358405911850092,1.5475,932
AEG41,connectance_pa_AEG41,ALB,AEG41,15,2,AEG14,0.27778,0.13333,0,0.28571,0.06659,0.05856,0.24516,0,0.95847,0.89153,1,0,5.39,14.55,31,39.46,9.865,593.25,connectance_pa,0.958466236851035,9.865,932
AEG42,connectance_pa_AEG42,ALB,AEG42,15,2,AEG14,0.27778,0.13333,0,0.28571,0.06659,0.05856,0.24516,0,0.95847,0.89153,1,0,2.54,19.53,30,39.08,9.77,567.14,connectance_pa,0.958466236851035,9.77,932
AEG43,connectance_pa_AEG43,ALB,AEG43,14,2,AEG44,0.38889,0.43333,0.16667,0.28571,0.31765,0.12037,0.25806,0,0.35841,0.3427,0.23333,1,0.7,14.02,28,6.19,1.5475,547.05,connectance_pa,0.358405911850092,1.5475,932
AEG44,connectance_pa_AEG44,ALB,AEG44,14,3,AEG44,0.38889,0.43333,0.16667,0.28571,0.31765,0.12037,0.25806,0,0.35841,0.3427,0.23333,1,1.16,24.71,36,170.63,42.6575,574.31,connectance_pa,0.358405911850092,42.6575,932
AEG45,connectance_pa_AEG45,ALB,AEG45,6,3,AEG23,0.11111,0.43333,0,0.28571,0,0.18571,0.20645,0,1,0.36939,0.46667,0.5,1.55,7.55,40,184.75,46.1875,635.78,connectance_pa,1,46.1875,932
AEG46,connectance_pa_AEG46,ALB,AEG46,15,2,AEG14,0.27778,0.13333,0,0.28571,0.06659,0.05856,0.24516,0,0.95847,0.89153,1,0,5.44,14.48,30,39.08,9.77,567.14,connectance_pa,0.958466236851035,9.77,932
AEG47,connectance_pa_AEG47,ALB,AEG47,12,1,AEG47,0.83333,0.83333,0.83333,0.42857,0.65882,0.57778,1,0,0.64851,0.66035,0,1,7.68,29.89,16,538.3,134.575,-380.8,connectance_pa,0.648513991078153,134.575,932
AEG48,connectance_pa_AEG48,ALB,AEG48,6,1,AEG23,0.11111,0.43333,0,0.28571,0,0.18571,0.20645,0,1,0.36939,0.46667,0.5,7.68,18.05,18,15.75,3.9375,387.39,connectance_pa,1,3.9375,932
AEG1,n_red_list_plant_pa_AEG01,ALB,AEG01,14,2,AEG44,0.38889,0.43333,0.16667,0.28571,0.31765,0.12037,0.25806,0,0.35841,0.3427,0.23333,1,9.79,4.98,29,5.43,1.3575,574.31,n_red_list_plant_pa,0.285714285714286,1.3575,933
AEG2,n_red_list_plant_pa_AEG02,ALB,AEG02,14,2,AEG44,0.38889,0.43333,0.16667,0.28571,0.31765,0.12037,0.25806,0,0.35841,0.3427,0.23333,1,6.34,10.83,29,5.43,1.3575,574.31,n_red_list_plant_pa,0.285714285714286,1.3575,933
AEG3,n_red_list_plant_pa_AEG03,ALB,AEG03,14,2,AEG44,0.38889,0.43333,0.16667,0.28571,0.31765,0.12037,0.25806,0,0.35841,0.3427,0.23333,1,5.19,5.5,30,31.92,7.98,574.31,n_red_list_plant_pa,0.285714285714286,7.98,933
AEG4,n_red_list_plant_pa_AEG04,ALB,AEG04,4,3,AEG11,0,0.4,0,0.28571,0.02521,0.2549,0.05161,0,0.50679,0.20428,0.1,1,4.39,18.68,36,103.74,25.935,644.56,n_red_list_plant_pa,0.285714285714286,25.935,933
AEG5,n_red_list_plant_pa_AEG05,ALB,AEG05,4,3,AEG11,0,0.4,0,0.28571,0.02521,0.2549,0.05161,0,0.50679,0.20428,0.1,1,8.16,4.87,36,103.74,25.935,644.56,n_red_list_plant_pa,0.285714285714286,25.935,933
AEG6,n_red_list_plant_pa_AEG06,ALB,AEG06,4,3,AEG11,0,0.4,0,0.28571,0.02521,0.2549,0.05161,0,0.50679,0.20428,0.1,1,6.4,12.67,38,125.23,31.3075,659.19,n_red_list_plant_pa,0.285714285714286,31.3075,933
AEG7,n_red_list_plant_pa_AEG07,ALB,AEG07,6,1,AEG23,0.11111,0.43333,0,0.28571,0,0.18571,0.20645,0,1,0.36939,0.46667,0.5,9.1,18.05,18,15.75,3.9375,387.39,n_red_list_plant_pa,0.285714285714286,3.9375,933
AEG8,n_red_list_plant_pa_AEG08,ALB,AEG08,6,2,AEG23,0.11111,0.43333,0,0.28571,0,0.18571,0.20645,0,1,0.36939,0.46667,0.5,8.1,6.54,26,19.96,4.99,490.82,n_red_list_plant_pa,0.285714285714286,4.99,933
AEG9,n_red_list_plant_pa_AEG09,ALB,AEG09,12,1,AEG09,1,0.9,1,0.85714,0.65882,0.67241,0.89032,0.5,0.35467,0.7213,0.26667,1,12.39,23.69,18,631.82,157.955,-401.34,n_red_list_plant_pa,0.857142857142857,157.955,933
AEG11,n_red_list_plant_pa_AEG11,ALB,AEG11,4,3,AEG11,0,0.4,0,0.28571,0.02521,0.2549,0.05161,0,0.50679,0.20428,0.1,1,5.61,8.87,35,93.53,23.3825,636.7,n_red_list_plant_pa,0.285714285714286,23.3825,933
AEG12,n_red_list_plant_pa_AEG12,ALB,AEG12,6,1,AEG23,0.11111,0.43333,0,0.28571,0,0.18571,0.20645,0,1,0.36939,0.46667,0.5,14.75,8.5,22,17.92,4.48,440.71,n_red_list_plant_pa,0.285714285714286,4.48,933
AEG13,n_red_list_plant_pa_AEG13,ALB,AEG13,15,2,AEG14,0.27778,0.13333,0,0.28571,0.06659,0.05856,0.24516,0,0.95847,0.89153,1,0,6.74,12.49,33,41.22,10.305,644.47,n_red_list_plant_pa,0.285714285714286,10.305,933
AEG14,n_red_list_plant_pa_AEG14,ALB,AEG14,6,2,AEG23,0.11111,0.43333,0,0.28571,0,0.18571,0.20645,0,1,0.36939,0.46667,0.5,5.64,10.74,25,19.46,4.865,478.59,n_red_list_plant_pa,0.285714285714286,4.865,933
AEG15,n_red_list_plant_pa_AEG15,ALB,AEG15,15,2,AEG14,0.27778,0.13333,0,0.28571,0.06659,0.05856,0.24516,0,0.95847,0.89153,1,0,3.78,11.94,33,41.22,10.305,644.47,n_red_list_plant_pa,0.285714285714286,10.305,933
AEG17,n_red_list_plant_pa_AEG17,ALB,AEG17,14,2,AEG44,0.38889,0.43333,0.16667,0.28571,0.31765,0.12037,0.25806,0,0.35841,0.3427,0.23333,1,1.98,10.02,29,5.43,1.3575,574.31,n_red_list_plant_pa,0.285714285714286,1.3575,933
AEG18,n_red_list_plant_pa_AEG18,ALB,AEG18,6,1,AEG23,0.11111,0.43333,0,0.28571,0,0.18571,0.20645,0,1,0.36939,0.46667,0.5,3.5,6.57,20,16.85,4.2125,414.45,n_red_list_plant_pa,0.285714285714286,4.2125,933
AEG19,n_red_list_plant_pa_AEG19,ALB,AEG19,14,2,AEG44,0.38889,0.43333,0.16667,0.28571,0.31765,0.12037,0.25806,0,0.35841,0.3427,0.23333,1,5.13,10.69,29,5.43,1.3575,574.31,n_red_list_plant_pa,0.285714285714286,1.3575,933
AEG20,n_red_list_plant_pa_AEG20,ALB,AEG20,12,2,AEG48,0.55556,0.56667,0.66667,1,0.86878,1,0.25806,1,0.09532,0.39658,0.23333,1,2.19,26.93,27,837.19,209.2975,-318.75,n_red_list_plant_pa,1,209.2975,933
AEG21,n_red_list_plant_pa_AEG21,ALB,AEG21,14,2,AEG44,0.38889,0.43333,0.16667,0.28571,0.31765,0.12037,0.25806,0,0.35841,0.3427,0.23333,1,2.93,5.28,28,6.19,1.5475,547.05,n_red_list_plant_pa,0.285714285714286,1.5475,933
AEG22,n_red_list_plant_pa_AEG22,ALB,AEG22,14,2,AEG44,0.38889,0.43333,0.16667,0.28571,0.31765,0.12037,0.25806,0,0.35841,0.3427,0.23333,1,4.84,14.89,30,31.92,7.98,574.31,n_red_list_plant_pa,0.285714285714286,7.98,933
AEG23,n_red_list_plant_pa_AEG23,ALB,AEG23,4,3,AEG11,0,0.4,0,0.28571,0.02521,0.2549,0.05161,0,0.50679,0.20428,0.1,1,0.49,2.53,44,198.34,49.585,694.44,n_red_list_plant_pa,0.285714285714286,49.585,933
AEG24,n_red_list_plant_pa_AEG24,ALB,AEG24,15,2,AEG14,0.27778,0.13333,0,0.28571,0.06659,0.05856,0.24516,0,0.95847,0.89153,1,0,1.88,4.86,32,40.18,10.045,619.02,n_red_list_plant_pa,0.285714285714286,10.045,933
AEG25,n_red_list_plant_pa_AEG25,ALB,AEG25,15,2,AEG14,0.27778,0.13333,0,0.28571,0.06659,0.05856,0.24516,0,0.95847,0.89153,1,0,22.06,17.17,34,42.6,10.65,669.58,n_red_list_plant_pa,0.285714285714286,10.65,933
AEG27,n_red_list_plant_pa_AEG27,ALB,AEG27,6,1,AEG23,0.11111,0.43333,0,0.28571,0,0.18571,0.20645,0,1,0.36939,0.46667,0.5,2.21,10.49,17,15.19,3.7975,373.56,n_red_list_plant_pa,0.285714285714286,3.7975,933
AEG30,n_red_list_plant_pa_AEG30,ALB,AEG30,15,2,AEG14,0.27778,0.13333,0,0.28571,0.06659,0.05856,0.24516,0,0.95847,0.89153,1,0,1.37,11.29,32,40.18,10.045,619.02,n_red_list_plant_pa,0.285714285714286,10.045,933
AEG31,n_red_list_plant_pa_AEG31,ALB,AEG31,6,1,AEG23,0.11111,0.43333,0,0.28571,0,0.18571,0.20645,0,1,0.36939,0.46667,0.5,4.28,14.27,22,17.92,4.48,440.71,n_red_list_plant_pa,0.285714285714286,4.48,933
AEG36,n_red_list_plant_pa_AEG36,ALB,AEG36,14,2,AEG44,0.38889,0.43333,0.16667,0.28571,0.31765,0.12037,0.25806,0,0.35841,0.3427,0.23333,1,9.64,6.45,30,31.92,7.98,574.31,n_red_list_plant_pa,0.285714285714286,7.98,933
AEG37,n_red_list_plant_pa_AEG37,ALB,AEG37,5,2,AEG38,0.22222,0.33333,0.16667,0.14286,0.20392,0.12037,0.18065,0,0.51751,0.64879,0.46667,0.5,3.93,17.6,27,3.47,0.8675,523.29,n_red_list_plant_pa,0.142857142857143,0.8675,933
AEG38,n_red_list_plant_pa_AEG38,ALB,AEG38,4,3,AEG11,0,0.4,0,0.28571,0.02521,0.2549,0.05161,0,0.50679,0.20428,0.1,1,1.28,3.02,43,185.25,46.3125,689.47,n_red_list_plant_pa,0.285714285714286,46.3125,933
AEG39,n_red_list_plant_pa_AEG39,ALB,AEG39,14,2,AEG44,0.38889,0.43333,0.16667,0.28571,0.31765,0.12037,0.25806,0,0.35841,0.3427,0.23333,1,5.55,10.74,29,5.43,1.3575,574.31,n_red_list_plant_pa,0.285714285714286,1.3575,933
AEG40,n_red_list_plant_pa_AEG40,ALB,AEG40,14,2,AEG44,0.38889,0.43333,0.16667,0.28571,0.31765,0.12037,0.25806,0,0.35841,0.3427,0.23333,1,0.88,13.89,28,6.19,1.5475,547.05,n_red_list_plant_pa,0.285714285714286,1.5475,933
AEG41,n_red_list_plant_pa_AEG41,ALB,AEG41,15,2,AEG14,0.27778,0.13333,0,0.28571,0.06659,0.05856,0.24516,0,0.95847,0.89153,1,0,5.39,14.55,31,39.46,9.865,593.25,n_red_list_plant_pa,0.285714285714286,9.865,933
AEG42,n_red_list_plant_pa_AEG42,ALB,AEG42,14,2,AEG44,0.38889,0.43333,0.16667,0.28571,0.31765,0.12037,0.25806,0,0.35841,0.3427,0.23333,1,2.54,19.53,30,31.92,7.98,574.31,n_red_list_plant_pa,0.285714285714286,7.98,933
AEG43,n_red_list_plant_pa_AEG43,ALB,AEG43,14,2,AEG44,0.38889,0.43333,0.16667,0.28571,0.31765,0.12037,0.25806,0,0.35841,0.3427,0.23333,1,0.7,14.02,28,6.19,1.5475,547.05,n_red_list_plant_pa,0.285714285714286,1.5475,933
AEG44,n_red_list_plant_pa_AEG44,ALB,AEG44,14,3,AEG44,0.38889,0.43333,0.16667,0.28571,0.31765,0.12037,0.25806,0,0.35841,0.3427,0.23333,1,1.16,24.71,36,170.63,42.6575,574.31,n_red_list_plant_pa,0.285714285714286,42.6575,933
AEG45,n_red_list_plant_pa_AEG45,ALB,AEG45,4,3,AEG11,0,0.4,0,0.28571,0.02521,0.2549,0.05161,0,0.50679,0.20428,0.1,1,1.55,7.55,40,148.16,37.04,672.38,n_red_list_plant_pa,0.285714285714286,37.04,933
AEG46,n_red_list_plant_pa_AEG46,ALB,AEG46,14,2,AEG44,0.38889,0.43333,0.16667,0.28571,0.31765,0.12037,0.25806,0,0.35841,0.3427,0.23333,1,5.44,14.48,30,31.92,7.98,574.31,n_red_list_plant_pa,0.285714285714286,7.98,933
AEG47,n_red_list_plant_pa_AEG47,ALB,AEG47,12,1,AEG47,0.83333,0.83333,0.83333,0.42857,0.65882,0.57778,1,0,0.64851,0.66035,0,1,7.68,29.89,16,538.3,134.575,-380.8,n_red_list_plant_pa,0.428571428571429,134.575,933
AEG48,n_red_list_plant_pa_AEG48,ALB,AEG48,6,1,AEG23,0.11111,0.43333,0,0.28571,0,0.18571,0.20645,0,1,0.36939,0.46667,0.5,7.68,18.05,18,15.75,3.9375,387.39,n_red_list_plant_pa,0.285714285714286,3.9375,933
AEG1,av_reg_dist_lepi_pa_AEG01,ALB,AEG01,14,2,AEG44,0.38889,0.43333,0.16667,0.28571,0.31765,0.12037,0.25806,0,0.35841,0.3427,0.23333,1,9.79,4.98,29,5.43,1.3575,574.31,av_reg_dist_lepi_pa,0.31764705882353,1.3575,948
AEG2,av_reg_dist_lepi_pa_AEG02,ALB,AEG02,14,2,AEG44,0.38889,0.43333,0.16667,0.28571,0.31765,0.12037,0.25806,0,0.35841,0.3427,0.23333,1,6.34,10.83,29,5.43,1.3575,574.31,av_reg_dist_lepi_pa,0.31764705882353,1.3575,948
AEG3,av_reg_dist_lepi_pa_AEG03,ALB,AEG03,14,2,AEG44,0.38889,0.43333,0.16667,0.28571,0.31765,0.12037,0.25806,0,0.35841,0.3427,0.23333,1,5.19,5.5,30,31.92,7.98,574.31,av_reg_dist_lepi_pa,0.31764705882353,7.98,948
AEG4,av_reg_dist_lepi_pa_AEG04,ALB,AEG04,14,3,AEG44,0.38889,0.43333,0.16667,0.28571,0.31765,0.12037,0.25806,0,0.35841,0.3427,0.23333,1,4.39,18.68,36,173.99,43.4975,574.31,av_reg_dist_lepi_pa,0.31764705882353,43.4975,948
AEG5,av_reg_dist_lepi_pa_AEG05,ALB,AEG05,14,3,AEG44,0.38889,0.43333,0.16667,0.28571,0.31765,0.12037,0.25806,0,0.35841,0.3427,0.23333,1,8.16,4.87,36,173.99,43.4975,574.31,av_reg_dist_lepi_pa,0.31764705882353,43.4975,948
AEG6,av_reg_dist_lepi_pa_AEG06,ALB,AEG06,14,3,AEG44,0.38889,0.43333,0.16667,0.28571,0.31765,0.12037,0.25806,0,0.35841,0.3427,0.23333,1,6.4,12.67,38,210.11,52.5275,574.31,av_reg_dist_lepi_pa,0.31764705882353,52.5275,948
AEG7,av_reg_dist_lepi_pa_AEG07,ALB,AEG07,7,1,AEG45,0.11111,0.3,0.08333,0.28571,0.26891,0.18571,0.10968,0,0.52352,0.3654,0.23333,0.5,9.1,18.05,18,39.03,9.7575,364.11,av_reg_dist_lepi_pa,0.26890756302521,9.7575,948
AEG8,av_reg_dist_lepi_pa_AEG08,ALB,AEG08,14,2,AEG44,0.38889,0.43333,0.16667,0.28571,0.31765,0.12037,0.25806,0,0.35841,0.3427,0.23333,1,8.1,6.54,26,21.36,5.34,489.41,av_reg_dist_lepi_pa,0.31764705882353,5.34,948
AEG9,av_reg_dist_lepi_pa_AEG09,ALB,AEG09,12,1,AEG09,1,0.9,1,0.85714,0.65882,0.67241,0.89032,0.5,0.35467,0.7213,0.26667,1,12.39,23.69,18,631.82,157.955,-401.34,av_reg_dist_lepi_pa,0.658823529411765,157.955,948
AEG11,av_reg_dist_lepi_pa_AEG11,ALB,AEG11,14,3,AEG44,0.38889,0.43333,0.16667,0.28571,0.31765,0.12037,0.25806,0,0.35841,0.3427,0.23333,1,5.61,8.87,35,155.93,38.9825,574.31,av_reg_dist_lepi_pa,0.31764705882353,38.9825,948
AEG12,av_reg_dist_lepi_pa_AEG12,ALB,AEG12,7,1,AEG45,0.11111,0.3,0.08333,0.28571,0.26891,0.18571,0.10968,0,0.52352,0.3654,0.23333,0.5,14.75,8.5,22,44.4,11.1,414.23,av_reg_dist_lepi_pa,0.26890756302521,11.1,948
AEG13,av_reg_dist_lepi_pa_AEG13,ALB,AEG13,14,2,AEG44,0.38889,0.43333,0.16667,0.28571,0.31765,0.12037,0.25806,0,0.35841,0.3427,0.23333,1,6.74,12.49,33,111.38,27.845,574.31,av_reg_dist_lepi_pa,0.31764705882353,27.845,948
AEG14,av_reg_dist_lepi_pa_AEG14,ALB,AEG14,14,2,AEG44,0.38889,0.43333,0.16667,0.28571,0.31765,0.12037,0.25806,0,0.35841,0.3427,0.23333,1,5.64,10.74,25,38.08,9.52,459.97,av_reg_dist_lepi_pa,0.31764705882353,9.52,948
AEG15,av_reg_dist_lepi_pa_AEG15,ALB,AEG15,14,2,AEG44,0.38889,0.43333,0.16667,0.28571,0.31765,0.12037,0.25806,0,0.35841,0.3427,0.23333,1,3.78,11.94,33,111.38,27.845,574.31,av_reg_dist_lepi_pa,0.31764705882353,27.845,948
AEG17,av_reg_dist_lepi_pa_AEG17,ALB,AEG17,14,2,AEG44,0.38889,0.43333,0.16667,0.28571,0.31765,0.12037,0.25806,0,0.35841,0.3427,0.23333,1,1.98,10.02,29,5.43,1.3575,574.31,av_reg_dist_lepi_pa,0.31764705882353,1.3575,948
AEG18,av_reg_dist_lepi_pa_AEG18,ALB,AEG18,7,1,AEG45,0.11111,0.3,0.08333,0.28571,0.26891,0.18571,0.10968,0,0.52352,0.3654,0.23333,0.5,3.5,6.57,20,41.76,10.44,389.54,av_reg_dist_lepi_pa,0.26890756302521,10.44,948
AEG19,av_reg_dist_lepi_pa_AEG19,ALB,AEG19,14,2,AEG44,0.38889,0.43333,0.16667,0.28571,0.31765,0.12037,0.25806,0,0.35841,0.3427,0.23333,1,5.13,10.69,29,5.43,1.3575,574.31,av_reg_dist_lepi_pa,0.31764705882353,1.3575,948
AEG20,av_reg_dist_lepi_pa_AEG20,ALB,AEG20,14,2,AEG44,0.38889,0.43333,0.16667,0.28571,0.31765,0.12037,0.25806,0,0.35841,0.3427,0.23333,1,2.19,26.93,27,0,0,518.44,av_reg_dist_lepi_pa,0.31764705882353,0,948
AEG21,av_reg_dist_lepi_pa_AEG21,ALB,AEG21,14,2,AEG44,0.38889,0.43333,0.16667,0.28571,0.31765,0.12037,0.25806,0,0.35841,0.3427,0.23333,1,2.93,5.28,28,6.19,1.5475,547.05,av_reg_dist_lepi_pa,0.31764705882353,1.5475,948
AEG22,av_reg_dist_lepi_pa_AEG22,ALB,AEG22,14,2,AEG44,0.38889,0.43333,0.16667,0.28571,0.31765,0.12037,0.25806,0,0.35841,0.3427,0.23333,1,4.84,14.89,30,31.92,7.98,574.31,av_reg_dist_lepi_pa,0.31764705882353,7.98,948
AEG23,av_reg_dist_lepi_pa_AEG23,ALB,AEG23,5,3,AEG38,0.22222,0.33333,0.16667,0.14286,0.20392,0.12037,0.18065,0,0.51751,0.64879,0.46667,0.5,0.49,2.53,44,196.86,49.215,695.91,av_reg_dist_lepi_pa,0.203921568627451,49.215,948
AEG24,av_reg_dist_lepi_pa_AEG24,ALB,AEG24,14,2,AEG44,0.38889,0.43333,0.16667,0.28571,0.31765,0.12037,0.25806,0,0.35841,0.3427,0.23333,1,1.88,4.86,32,84.89,21.2225,574.31,av_reg_dist_lepi_pa,0.31764705882353,21.2225,948
AEG25,av_reg_dist_lepi_pa_AEG25,ALB,AEG25,14,2,AEG44,0.38889,0.43333,0.16667,0.28571,0.31765,0.12037,0.25806,0,0.35841,0.3427,0.23333,1,22.06,17.17,34,137.87,34.4675,574.31,av_reg_dist_lepi_pa,0.31764705882353,34.4675,948
AEG27,av_reg_dist_lepi_pa_AEG27,ALB,AEG27,7,1,AEG45,0.11111,0.3,0.08333,0.28571,0.26891,0.18571,0.10968,0,0.52352,0.3654,0.23333,0.5,2.21,10.49,17,37.64,9.41,351.11,av_reg_dist_lepi_pa,0.26890756302521,9.41,948
AEG30,av_reg_dist_lepi_pa_AEG30,ALB,AEG30,14,2,AEG44,0.38889,0.43333,0.16667,0.28571,0.31765,0.12037,0.25806,0,0.35841,0.3427,0.23333,1,1.37,11.29,32,84.89,21.2225,574.31,av_reg_dist_lepi_pa,0.31764705882353,21.2225,948
AEG31,av_reg_dist_lepi_pa_AEG31,ALB,AEG31,7,1,AEG45,0.11111,0.3,0.08333,0.28571,0.26891,0.18571,0.10968,0,0.52352,0.3654,0.23333,0.5,4.28,14.27,22,44.4,11.1,414.23,av_reg_dist_lepi_pa,0.26890756302521,11.1,948
AEG36,av_reg_dist_lepi_pa_AEG36,ALB,AEG36,14,2,AEG44,0.38889,0.43333,0.16667,0.28571,0.31765,0.12037,0.25806,0,0.35841,0.3427,0.23333,1,9.64,6.45,30,31.92,7.98,574.31,av_reg_dist_lepi_pa,0.31764705882353,7.98,948
AEG37,av_reg_dist_lepi_pa_AEG37,ALB,AEG37,5,2,AEG38,0.22222,0.33333,0.16667,0.14286,0.20392,0.12037,0.18065,0,0.51751,0.64879,0.46667,0.5,3.93,17.6,27,3.47,0.8675,523.29,av_reg_dist_lepi_pa,0.203921568627451,0.8675,948
AEG38,av_reg_dist_lepi_pa_AEG38,ALB,AEG38,5,3,AEG38,0.22222,0.33333,0.16667,0.14286,0.20392,0.12037,0.18065,0,0.51751,0.64879,0.46667,0.5,1.28,3.02,43,187.11,46.7775,687.6,av_reg_dist_lepi_pa,0.203921568627451,46.7775,948
AEG39,av_reg_dist_lepi_pa_AEG39,ALB,AEG39,14,2,AEG44,0.38889,0.43333,0.16667,0.28571,0.31765,0.12037,0.25806,0,0.35841,0.3427,0.23333,1,5.55,10.74,29,5.43,1.3575,574.31,av_reg_dist_lepi_pa,0.31764705882353,1.3575,948
AEG40,av_reg_dist_lepi_pa_AEG40,ALB,AEG40,14,2,AEG44,0.38889,0.43333,0.16667,0.28571,0.31765,0.12037,0.25806,0,0.35841,0.3427,0.23333,1,0.88,13.89,28,6.19,1.5475,547.05,av_reg_dist_lepi_pa,0.31764705882353,1.5475,948
AEG41,av_reg_dist_lepi_pa_AEG41,ALB,AEG41,14,2,AEG44,0.38889,0.43333,0.16667,0.28571,0.31765,0.12037,0.25806,0,0.35841,0.3427,0.23333,1,5.39,14.55,31,58.4,14.6,574.31,av_reg_dist_lepi_pa,0.31764705882353,14.6,948
AEG42,av_reg_dist_lepi_pa_AEG42,ALB,AEG42,14,2,AEG44,0.38889,0.43333,0.16667,0.28571,0.31765,0.12037,0.25806,0,0.35841,0.3427,0.23333,1,2.54,19.53,30,31.92,7.98,574.31,av_reg_dist_lepi_pa,0.31764705882353,7.98,948
AEG43,av_reg_dist_lepi_pa_AEG43,ALB,AEG43,14,2,AEG44,0.38889,0.43333,0.16667,0.28571,0.31765,0.12037,0.25806,0,0.35841,0.3427,0.23333,1,0.7,14.02,28,6.19,1.5475,547.05,av_reg_dist_lepi_pa,0.31764705882353,1.5475,948
AEG44,av_reg_dist_lepi_pa_AEG44,ALB,AEG44,14,3,AEG44,0.38889,0.43333,0.16667,0.28571,0.31765,0.12037,0.25806,0,0.35841,0.3427,0.23333,1,1.16,24.71,36,170.63,42.6575,574.31,av_reg_dist_lepi_pa,0.31764705882353,42.6575,948
AEG45,av_reg_dist_lepi_pa_AEG45,ALB,AEG45,14,3,AEG44,0.38889,0.43333,0.16667,0.28571,0.31765,0.12037,0.25806,0,0.35841,0.3427,0.23333,1,1.55,7.55,40,246.23,61.5575,574.31,av_reg_dist_lepi_pa,0.31764705882353,61.5575,948
AEG46,av_reg_dist_lepi_pa_AEG46,ALB,AEG46,14,2,AEG44,0.38889,0.43333,0.16667,0.28571,0.31765,0.12037,0.25806,0,0.35841,0.3427,0.23333,1,5.44,14.48,30,31.92,7.98,574.31,av_reg_dist_lepi_pa,0.31764705882353,7.98,948
AEG47,av_reg_dist_lepi_pa_AEG47,ALB,AEG47,12,1,AEG47,0.83333,0.83333,0.83333,0.42857,0.65882,0.57778,1,0,0.64851,0.66035,0,1,7.68,29.89,16,538.3,134.575,-380.8,av_reg_dist_lepi_pa,0.658823529411765,134.575,948
AEG48,av_reg_dist_lepi_pa_AEG48,ALB,AEG48,7,1,AEG45,0.11111,0.3,0.08333,0.28571,0.26891,0.18571,0.10968,0,0.52352,0.3654,0.23333,0.5,7.68,18.05,18,39.03,9.7575,364.11,av_reg_dist_lepi_pa,0.26890756302521,9.7575,948
AEG1,sum_troph_int_pa_AEG01,ALB,AEG01,14,2,AEG44,0.38889,0.43333,0.16667,0.28571,0.31765,0.12037,0.25806,0,0.35841,0.3427,0.23333,1,9.79,4.98,29,5.43,1.3575,574.31,sum_troph_int_pa,0.258064516129032,1.3575,950
AEG2,sum_troph_int_pa_AEG02,ALB,AEG02,14,2,AEG44,0.38889,0.43333,0.16667,0.28571,0.31765,0.12037,0.25806,0,0.35841,0.3427,0.23333,1,6.34,10.83,29,5.43,1.3575,574.31,sum_troph_int_pa,0.258064516129032,1.3575,950
AEG3,sum_troph_int_pa_AEG03,ALB,AEG03,14,2,AEG44,0.38889,0.43333,0.16667,0.28571,0.31765,0.12037,0.25806,0,0.35841,0.3427,0.23333,1,5.19,5.5,30,31.92,7.98,574.31,sum_troph_int_pa,0.258064516129032,7.98,950
AEG4,sum_troph_int_pa_AEG04,ALB,AEG04,14,3,AEG44,0.38889,0.43333,0.16667,0.28571,0.31765,0.12037,0.25806,0,0.35841,0.3427,0.23333,1,4.39,18.68,36,173.99,43.4975,574.31,sum_troph_int_pa,0.258064516129032,43.4975,950
AEG5,sum_troph_int_pa_AEG05,ALB,AEG05,14,3,AEG44,0.38889,0.43333,0.16667,0.28571,0.31765,0.12037,0.25806,0,0.35841,0.3427,0.23333,1,8.16,4.87,36,173.99,43.4975,574.31,sum_troph_int_pa,0.258064516129032,43.4975,950
AEG6,sum_troph_int_pa_AEG06,ALB,AEG06,5,3,AEG38,0.22222,0.33333,0.16667,0.14286,0.20392,0.12037,0.18065,0,0.51751,0.64879,0.46667,0.5,6.4,12.67,38,140.96,35.24,643.46,sum_troph_int_pa,0.180645161290323,35.24,950
AEG7,sum_troph_int_pa_AEG07,ALB,AEG07,6,1,AEG23,0.11111,0.43333,0,0.28571,0,0.18571,0.20645,0,1,0.36939,0.46667,0.5,9.1,18.05,18,15.75,3.9375,387.39,sum_troph_int_pa,0.206451612903226,3.9375,950
AEG8,sum_troph_int_pa_AEG08,ALB,AEG08,14,2,AEG44,0.38889,0.43333,0.16667,0.28571,0.31765,0.12037,0.25806,0,0.35841,0.3427,0.23333,1,8.1,6.54,26,21.36,5.34,489.41,sum_troph_int_pa,0.258064516129032,5.34,950
AEG9,sum_troph_int_pa_AEG09,ALB,AEG09,12,1,AEG09,1,0.9,1,0.85714,0.65882,0.67241,0.89032,0.5,0.35467,0.7213,0.26667,1,12.39,23.69,18,631.82,157.955,-401.34,sum_troph_int_pa,0.890322580645161,157.955,950
AEG11,sum_troph_int_pa_AEG11,ALB,AEG11,14,3,AEG44,0.38889,0.43333,0.16667,0.28571,0.31765,0.12037,0.25806,0,0.35841,0.3427,0.23333,1,5.61,8.87,35,155.93,38.9825,574.31,sum_troph_int_pa,0.258064516129032,38.9825,950
AEG12,sum_troph_int_pa_AEG12,ALB,AEG12,6,1,AEG23,0.11111,0.43333,0,0.28571,0,0.18571,0.20645,0,1,0.36939,0.46667,0.5,14.75,8.5,22,17.92,4.48,440.71,sum_troph_int_pa,0.206451612903226,4.48,950
AEG13,sum_troph_int_pa_AEG13,ALB,AEG13,15,2,AEG14,0.27778,0.13333,0,0.28571,0.06659,0.05856,0.24516,0,0.95847,0.89153,1,0,6.74,12.49,33,41.22,10.305,644.47,sum_troph_int_pa,0.245161290322581,10.305,950
AEG14,sum_troph_int_pa_AEG14,ALB,AEG14,6,2,AEG23,0.11111,0.43333,0,0.28571,0,0.18571,0.20645,0,1,0.36939,0.46667,0.5,5.64,10.74,25,19.46,4.865,478.59,sum_troph_int_pa,0.206451612903226,4.865,950
AEG15,sum_troph_int_pa_AEG15,ALB,AEG15,15,2,AEG14,0.27778,0.13333,0,0.28571,0.06659,0.05856,0.24516,0,0.95847,0.89153,1,0,3.78,11.94,33,41.22,10.305,644.47,sum_troph_int_pa,0.245161290322581,10.305,950
AEG17,sum_troph_int_pa_AEG17,ALB,AEG17,14,2,AEG44,0.38889,0.43333,0.16667,0.28571,0.31765,0.12037,0.25806,0,0.35841,0.3427,0.23333,1,1.98,10.02,29,5.43,1.3575,574.31,sum_troph_int_pa,0.258064516129032,1.3575,950
AEG18,sum_troph_int_pa_AEG18,ALB,AEG18,6,1,AEG23,0.11111,0.43333,0,0.28571,0,0.18571,0.20645,0,1,0.36939,0.46667,0.5,3.5,6.57,20,16.85,4.2125,414.45,sum_troph_int_pa,0.206451612903226,4.2125,950
AEG19,sum_troph_int_pa_AEG19,ALB,AEG19,14,2,AEG44,0.38889,0.43333,0.16667,0.28571,0.31765,0.12037,0.25806,0,0.35841,0.3427,0.23333,1,5.13,10.69,29,5.43,1.3575,574.31,sum_troph_int_pa,0.258064516129032,1.3575,950
AEG20,sum_troph_int_pa_AEG20,ALB,AEG20,14,2,AEG44,0.38889,0.43333,0.16667,0.28571,0.31765,0.12037,0.25806,0,0.35841,0.3427,0.23333,1,2.19,26.93,27,0,0,518.44,sum_troph_int_pa,0.258064516129032,0,950
AEG21,sum_troph_int_pa_AEG21,ALB,AEG21,14,2,AEG44,0.38889,0.43333,0.16667,0.28571,0.31765,0.12037,0.25806,0,0.35841,0.3427,0.23333,1,2.93,5.28,28,6.19,1.5475,547.05,sum_troph_int_pa,0.258064516129032,1.5475,950
AEG22,sum_troph_int_pa_AEG22,ALB,AEG22,14,2,AEG44,0.38889,0.43333,0.16667,0.28571,0.31765,0.12037,0.25806,0,0.35841,0.3427,0.23333,1,4.84,14.89,30,31.92,7.98,574.31,sum_troph_int_pa,0.258064516129032,7.98,950
AEG23,sum_troph_int_pa_AEG23,ALB,AEG23,6,3,AEG23,0.11111,0.43333,0,0.28571,0,0.18571,0.20645,0,1,0.36939,0.46667,0.5,0.49,2.53,44,224.05,56.0125,668.72,sum_troph_int_pa,0.206451612903226,56.0125,950
AEG24,sum_troph_int_pa_AEG24,ALB,AEG24,15,2,AEG14,0.27778,0.13333,0,0.28571,0.06659,0.05856,0.24516,0,0.95847,0.89153,1,0,1.88,4.86,32,40.18,10.045,619.02,sum_troph_int_pa,0.245161290322581,10.045,950
AEG25,sum_troph_int_pa_AEG25,ALB,AEG25,15,2,AEG14,0.27778,0.13333,0,0.28571,0.06659,0.05856,0.24516,0,0.95847,0.89153,1,0,22.06,17.17,34,42.6,10.65,669.58,sum_troph_int_pa,0.245161290322581,10.65,950
AEG26,sum_troph_int_pa_AEG26,ALB,AEG26,12,1,AEG47,0.83333,0.83333,0.83333,0.42857,0.65882,0.57778,1,0,0.64851,0.66035,0,1,1.4,23.34,19,647.77,161.9425,-380.8,sum_troph_int_pa,1,161.9425,950
AEG27,sum_troph_int_pa_AEG27,ALB,AEG27,6,1,AEG23,0.11111,0.43333,0,0.28571,0,0.18571,0.20645,0,1,0.36939,0.46667,0.5,2.21,10.49,17,15.19,3.7975,373.56,sum_troph_int_pa,0.206451612903226,3.7975,950
AEG30,sum_troph_int_pa_AEG30,ALB,AEG30,15,2,AEG14,0.27778,0.13333,0,0.28571,0.06659,0.05856,0.24516,0,0.95847,0.89153,1,0,1.37,11.29,32,40.18,10.045,619.02,sum_troph_int_pa,0.245161290322581,10.045,950
AEG31,sum_troph_int_pa_AEG31,ALB,AEG31,6,1,AEG23,0.11111,0.43333,0,0.28571,0,0.18571,0.20645,0,1,0.36939,0.46667,0.5,4.28,14.27,22,17.92,4.48,440.71,sum_troph_int_pa,0.206451612903226,4.48,950
AEG36,sum_troph_int_pa_AEG36,ALB,AEG36,14,2,AEG44,0.38889,0.43333,0.16667,0.28571,0.31765,0.12037,0.25806,0,0.35841,0.3427,0.23333,1,9.64,6.45,30,31.92,7.98,574.31,sum_troph_int_pa,0.258064516129032,7.98,950
AEG37,sum_troph_int_pa_AEG37,ALB,AEG37,5,2,AEG38,0.22222,0.33333,0.16667,0.14286,0.20392,0.12037,0.18065,0,0.51751,0.64879,0.46667,0.5,3.93,17.6,27,3.47,0.8675,523.29,sum_troph_int_pa,0.180645161290323,0.8675,950
AEG38,sum_troph_int_pa_AEG38,ALB,AEG38,5,3,AEG38,0.22222,0.33333,0.16667,0.14286,0.20392,0.12037,0.18065,0,0.51751,0.64879,0.46667,0.5,1.28,3.02,43,187.11,46.7775,687.6,sum_troph_int_pa,0.180645161290323,46.7775,950
AEG39,sum_troph_int_pa_AEG39,ALB,AEG39,14,2,AEG44,0.38889,0.43333,0.16667,0.28571,0.31765,0.12037,0.25806,0,0.35841,0.3427,0.23333,1,5.55,10.74,29,5.43,1.3575,574.31,sum_troph_int_pa,0.258064516129032,1.3575,950
AEG40,sum_troph_int_pa_AEG40,ALB,AEG40,14,2,AEG44,0.38889,0.43333,0.16667,0.28571,0.31765,0.12037,0.25806,0,0.35841,0.3427,0.23333,1,0.88,13.89,28,6.19,1.5475,547.05,sum_troph_int_pa,0.258064516129032,1.5475,950
AEG41,sum_troph_int_pa_AEG41,ALB,AEG41,15,2,AEG14,0.27778,0.13333,0,0.28571,0.06659,0.05856,0.24516,0,0.95847,0.89153,1,0,5.39,14.55,31,39.46,9.865,593.25,sum_troph_int_pa,0.245161290322581,9.865,950
AEG42,sum_troph_int_pa_AEG42,ALB,AEG42,14,2,AEG44,0.38889,0.43333,0.16667,0.28571,0.31765,0.12037,0.25806,0,0.35841,0.3427,0.23333,1,2.54,19.53,30,31.92,7.98,574.31,sum_troph_int_pa,0.258064516129032,7.98,950
AEG43,sum_troph_int_pa_AEG43,ALB,AEG43,14,2,AEG44,0.38889,0.43333,0.16667,0.28571,0.31765,0.12037,0.25806,0,0.35841,0.3427,0.23333,1,0.7,14.02,28,6.19,1.5475,547.05,sum_troph_int_pa,0.258064516129032,1.5475,950
AEG44,sum_troph_int_pa_AEG44,ALB,AEG44,14,3,AEG44,0.38889,0.43333,0.16667,0.28571,0.31765,0.12037,0.25806,0,0.35841,0.3427,0.23333,1,1.16,24.71,36,170.63,42.6575,574.31,sum_troph_int_pa,0.258064516129032,42.6575,950
AEG45,sum_troph_int_pa_AEG45,ALB,AEG45,5,3,AEG38,0.22222,0.33333,0.16667,0.14286,0.20392,0.12037,0.18065,0,0.51751,0.64879,0.46667,0.5,1.55,7.55,40,158.9,39.725,661.63,sum_troph_int_pa,0.180645161290323,39.725,950
AEG46,sum_troph_int_pa_AEG46,ALB,AEG46,14,2,AEG44,0.38889,0.43333,0.16667,0.28571,0.31765,0.12037,0.25806,0,0.35841,0.3427,0.23333,1,5.44,14.48,30,31.92,7.98,574.31,sum_troph_int_pa,0.258064516129032,7.98,950
AEG47,sum_troph_int_pa_AEG47,ALB,AEG47,12,1,AEG47,0.83333,0.83333,0.83333,0.42857,0.65882,0.57778,1,0,0.64851,0.66035,0,1,7.68,29.89,16,538.3,134.575,-380.8,sum_troph_int_pa,1,134.575,950
AEG48,sum_troph_int_pa_AEG48,ALB,AEG48,6,1,AEG23,0.11111,0.43333,0,0.28571,0,0.18571,0.20645,0,1,0.36939,0.46667,0.5,7.68,18.05,18,15.75,3.9375,387.39,sum_troph_int_pa,0.206451612903226,3.9375,950
AEG1,av_reg_dist_plant_pa_AEG01,ALB,AEG01,14,2,AEG44,0.38889,0.43333,0.16667,0.28571,0.31765,0.12037,0.25806,0,0.35841,0.3427,0.23333,1,9.79,4.98,29,5.43,1.3575,574.31,av_reg_dist_plant_pa,0.12037037037037,1.3575,965
AEG2,av_reg_dist_plant_pa_AEG02,ALB,AEG02,14,2,AEG44,0.38889,0.43333,0.16667,0.28571,0.31765,0.12037,0.25806,0,0.35841,0.3427,0.23333,1,6.34,10.83,29,5.43,1.3575,574.31,av_reg_dist_plant_pa,0.12037037037037,1.3575,965
AEG3,av_reg_dist_plant_pa_AEG03,ALB,AEG03,14,2,AEG44,0.38889,0.43333,0.16667,0.28571,0.31765,0.12037,0.25806,0,0.35841,0.3427,0.23333,1,5.19,5.5,30,31.92,7.98,574.31,av_reg_dist_plant_pa,0.12037037037037,7.98,965
AEG4,av_reg_dist_plant_pa_AEG04,ALB,AEG04,4,3,AEG11,0,0.4,0,0.28571,0.02521,0.2549,0.05161,0,0.50679,0.20428,0.1,1,4.39,18.68,36,103.74,25.935,644.56,av_reg_dist_plant_pa,0.254901960784314,25.935,965
AEG5,av_reg_dist_plant_pa_AEG05,ALB,AEG05,4,3,AEG11,0,0.4,0,0.28571,0.02521,0.2549,0.05161,0,0.50679,0.20428,0.1,1,8.16,4.87,36,103.74,25.935,644.56,av_reg_dist_plant_pa,0.254901960784314,25.935,965
AEG6,av_reg_dist_plant_pa_AEG06,ALB,AEG06,4,3,AEG11,0,0.4,0,0.28571,0.02521,0.2549,0.05161,0,0.50679,0.20428,0.1,1,6.4,12.67,38,125.23,31.3075,659.19,av_reg_dist_plant_pa,0.254901960784314,31.3075,965
AEG7,av_reg_dist_plant_pa_AEG07,ALB,AEG07,6,1,AEG23,0.11111,0.43333,0,0.28571,0,0.18571,0.20645,0,1,0.36939,0.46667,0.5,9.1,18.05,18,15.75,3.9375,387.39,av_reg_dist_plant_pa,0.185714285714286,3.9375,965
AEG8,av_reg_dist_plant_pa_AEG08,ALB,AEG08,6,2,AEG23,0.11111,0.43333,0,0.28571,0,0.18571,0.20645,0,1,0.36939,0.46667,0.5,8.1,6.54,26,19.96,4.99,490.82,av_reg_dist_plant_pa,0.185714285714286,4.99,965
AEG11,av_reg_dist_plant_pa_AEG11,ALB,AEG11,4,3,AEG11,0,0.4,0,0.28571,0.02521,0.2549,0.05161,0,0.50679,0.20428,0.1,1,5.61,8.87,35,93.53,23.3825,636.7,av_reg_dist_plant_pa,0.254901960784314,23.3825,965
AEG12,av_reg_dist_plant_pa_AEG12,ALB,AEG12,6,1,AEG23,0.11111,0.43333,0,0.28571,0,0.18571,0.20645,0,1,0.36939,0.46667,0.5,14.75,8.5,22,17.92,4.48,440.71,av_reg_dist_plant_pa,0.185714285714286,4.48,965
AEG13,av_reg_dist_plant_pa_AEG13,ALB,AEG13,9,2,AEG22,0.55556,0.6,0.41667,0.28571,0.31765,0.48925,0.58065,0,0.65439,0.64125,0.5,0.5,6.74,12.49,33,292.04,73.01,393.65,av_reg_dist_plant_pa,0.489247311827957,73.01,965
AEG14,av_reg_dist_plant_pa_AEG14,ALB,AEG14,6,2,AEG23,0.11111,0.43333,0,0.28571,0,0.18571,0.20645,0,1,0.36939,0.46667,0.5,5.64,10.74,25,19.46,4.865,478.59,av_reg_dist_plant_pa,0.185714285714286,4.865,965
AEG15,av_reg_dist_plant_pa_AEG15,ALB,AEG15,9,2,AEG22,0.55556,0.6,0.41667,0.28571,0.31765,0.48925,0.58065,0,0.65439,0.64125,0.5,0.5,3.78,11.94,33,292.04,73.01,393.65,av_reg_dist_plant_pa,0.489247311827957,73.01,965
AEG17,av_reg_dist_plant_pa_AEG17,ALB,AEG17,14,2,AEG44,0.38889,0.43333,0.16667,0.28571,0.31765,0.12037,0.25806,0,0.35841,0.3427,0.23333,1,1.98,10.02,29,5.43,1.3575,574.31,av_reg_dist_plant_pa,0.12037037037037,1.3575,965
AEG18,av_reg_dist_plant_pa_AEG18,ALB,AEG18,6,1,AEG23,0.11111,0.43333,0,0.28571,0,0.18571,0.20645,0,1,0.36939,0.46667,0.5,3.5,6.57,20,16.85,4.2125,414.45,av_reg_dist_plant_pa,0.185714285714286,4.2125,965
AEG19,av_reg_dist_plant_pa_AEG19,ALB,AEG19,14,2,AEG44,0.38889,0.43333,0.16667,0.28571,0.31765,0.12037,0.25806,0,0.35841,0.3427,0.23333,1,5.13,10.69,29,5.43,1.3575,574.31,av_reg_dist_plant_pa,0.12037037037037,1.3575,965
AEG20,av_reg_dist_plant_pa_AEG20,ALB,AEG20,12,2,AEG48,0.55556,0.56667,0.66667,1,0.86878,1,0.25806,1,0.09532,0.39658,0.23333,1,2.19,26.93,27,837.19,209.2975,-318.75,av_reg_dist_plant_pa,1,209.2975,965
AEG21,av_reg_dist_plant_pa_AEG21,ALB,AEG21,14,2,AEG44,0.38889,0.43333,0.16667,0.28571,0.31765,0.12037,0.25806,0,0.35841,0.3427,0.23333,1,2.93,5.28,28,6.19,1.5475,547.05,av_reg_dist_plant_pa,0.12037037037037,1.5475,965
AEG22,av_reg_dist_plant_pa_AEG22,ALB,AEG22,14,2,AEG44,0.38889,0.43333,0.16667,0.28571,0.31765,0.12037,0.25806,0,0.35841,0.3427,0.23333,1,4.84,14.89,30,31.92,7.98,574.31,av_reg_dist_plant_pa,0.12037037037037,7.98,965
AEG23,av_reg_dist_plant_pa_AEG23,ALB,AEG23,4,3,AEG11,0,0.4,0,0.28571,0.02521,0.2549,0.05161,0,0.50679,0.20428,0.1,1,0.49,2.53,44,198.34,49.585,694.44,av_reg_dist_plant_pa,0.254901960784314,49.585,965
AEG24,av_reg_dist_plant_pa_AEG24,ALB,AEG24,6,2,AEG23,0.11111,0.43333,0,0.28571,0,0.18571,0.20645,0,1,0.36939,0.46667,0.5,1.88,4.86,32,99.25,24.8125,559.95,av_reg_dist_plant_pa,0.185714285714286,24.8125,965
AEG25,av_reg_dist_plant_pa_AEG25,ALB,AEG25,9,2,AEG22,0.55556,0.6,0.41667,0.28571,0.31765,0.48925,0.58065,0,0.65439,0.64125,0.5,0.5,22.06,17.17,34,311.2,77.8,400.97,av_reg_dist_plant_pa,0.489247311827957,77.8,965
AEG27,av_reg_dist_plant_pa_AEG27,ALB,AEG27,6,1,AEG23,0.11111,0.43333,0,0.28571,0,0.18571,0.20645,0,1,0.36939,0.46667,0.5,2.21,10.49,17,15.19,3.7975,373.56,av_reg_dist_plant_pa,0.185714285714286,3.7975,965
AEG30,av_reg_dist_plant_pa_AEG30,ALB,AEG30,6,2,AEG23,0.11111,0.43333,0,0.28571,0,0.18571,0.20645,0,1,0.36939,0.46667,0.5,1.37,11.29,32,99.25,24.8125,559.95,av_reg_dist_plant_pa,0.185714285714286,24.8125,965
AEG31,av_reg_dist_plant_pa_AEG31,ALB,AEG31,6,1,AEG23,0.11111,0.43333,0,0.28571,0,0.18571,0.20645,0,1,0.36939,0.46667,0.5,4.28,14.27,22,17.92,4.48,440.71,av_reg_dist_plant_pa,0.185714285714286,4.48,965
AEG36,av_reg_dist_plant_pa_AEG36,ALB,AEG36,14,2,AEG44,0.38889,0.43333,0.16667,0.28571,0.31765,0.12037,0.25806,0,0.35841,0.3427,0.23333,1,9.64,6.45,30,31.92,7.98,574.31,av_reg_dist_plant_pa,0.12037037037037,7.98,965
AEG37,av_reg_dist_plant_pa_AEG37,ALB,AEG37,5,2,AEG38,0.22222,0.33333,0.16667,0.14286,0.20392,0.12037,0.18065,0,0.51751,0.64879,0.46667,0.5,3.93,17.6,27,3.47,0.8675,523.29,av_reg_dist_plant_pa,0.12037037037037,0.8675,965
AEG38,av_reg_dist_plant_pa_AEG38,ALB,AEG38,4,3,AEG11,0,0.4,0,0.28571,0.02521,0.2549,0.05161,0,0.50679,0.20428,0.1,1,1.28,3.02,43,185.25,46.3125,689.47,av_reg_dist_plant_pa,0.254901960784314,46.3125,965
AEG39,av_reg_dist_plant_pa_AEG39,ALB,AEG39,14,2,AEG44,0.38889,0.43333,0.16667,0.28571,0.31765,0.12037,0.25806,0,0.35841,0.3427,0.23333,1,5.55,10.74,29,5.43,1.3575,574.31,av_reg_dist_plant_pa,0.12037037037037,1.3575,965
AEG40,av_reg_dist_plant_pa_AEG40,ALB,AEG40,14,2,AEG44,0.38889,0.43333,0.16667,0.28571,0.31765,0.12037,0.25806,0,0.35841,0.3427,0.23333,1,0.88,13.89,28,6.19,1.5475,547.05,av_reg_dist_plant_pa,0.12037037037037,1.5475,965
AEG41,av_reg_dist_plant_pa_AEG41,ALB,AEG41,6,2,AEG23,0.11111,0.43333,0,0.28571,0,0.18571,0.20645,0,1,0.36939,0.46667,0.5,5.39,14.55,31,83.78,20.945,548.93,av_reg_dist_plant_pa,0.185714285714286,20.945,965
AEG42,av_reg_dist_plant_pa_AEG42,ALB,AEG42,14,2,AEG44,0.38889,0.43333,0.16667,0.28571,0.31765,0.12037,0.25806,0,0.35841,0.3427,0.23333,1,2.54,19.53,30,31.92,7.98,574.31,av_reg_dist_plant_pa,0.12037037037037,7.98,965
AEG43,av_reg_dist_plant_pa_AEG43,ALB,AEG43,14,2,AEG44,0.38889,0.43333,0.16667,0.28571,0.31765,0.12037,0.25806,0,0.35841,0.3427,0.23333,1,0.7,14.02,28,6.19,1.5475,547.05,av_reg_dist_plant_pa,0.12037037037037,1.5475,965
AEG45,av_reg_dist_plant_pa_AEG45,ALB,AEG45,4,3,AEG11,0,0.4,0,0.28571,0.02521,0.2549,0.05161,0,0.50679,0.20428,0.1,1,1.55,7.55,40,148.16,37.04,672.38,av_reg_dist_plant_pa,0.254901960784314,37.04,965
AEG46,av_reg_dist_plant_pa_AEG46,ALB,AEG46,14,2,AEG44,0.38889,0.43333,0.16667,0.28571,0.31765,0.12037,0.25806,0,0.35841,0.3427,0.23333,1,5.44,14.48,30,31.92,7.98,574.31,av_reg_dist_plant_pa,0.12037037037037,7.98,965
AEG47,av_reg_dist_plant_pa_AEG47,ALB,AEG47,12,1,AEG47,0.83333,0.83333,0.83333,0.42857,0.65882,0.57778,1,0,0.64851,0.66035,0,1,7.68,29.89,16,538.3,134.575,-380.8,av_reg_dist_plant_pa,0.577777777777778,134.575,965
AEG48,av_reg_dist_plant_pa_AEG48,ALB,AEG48,6,1,AEG23,0.11111,0.43333,0,0.28571,0,0.18571,0.20645,0,1,0.36939,0.46667,0.5,7.68,18.05,18,15.75,3.9375,387.39,av_reg_dist_plant_pa,0.185714285714286,3.9375,965
AEG1,n_lepi_AEG01,ALB,AEG01,14,2,AEG44,0.38889,0.43333,0.16667,0.28571,0.31765,0.12037,0.25806,0,0.35841,0.3427,0.23333,1,9.79,4.98,29,5.43,1.3575,574.31,n_lepi,0.388888888888889,1.3575,966
AEG2,n_lepi_AEG02,ALB,AEG02,14,2,AEG44,0.38889,0.43333,0.16667,0.28571,0.31765,0.12037,0.25806,0,0.35841,0.3427,0.23333,1,6.34,10.83,29,5.43,1.3575,574.31,n_lepi,0.388888888888889,1.3575,966
AEG3,n_lepi_AEG03,ALB,AEG03,14,2,AEG44,0.38889,0.43333,0.16667,0.28571,0.31765,0.12037,0.25806,0,0.35841,0.3427,0.23333,1,5.19,5.5,30,31.92,7.98,574.31,n_lepi,0.388888888888889,7.98,966
AEG4,n_lepi_AEG04,ALB,AEG04,14,3,AEG44,0.38889,0.43333,0.16667,0.28571,0.31765,0.12037,0.25806,0,0.35841,0.3427,0.23333,1,4.39,18.68,36,173.99,43.4975,574.31,n_lepi,0.388888888888889,43.4975,966
AEG5,n_lepi_AEG05,ALB,AEG05,14,3,AEG44,0.38889,0.43333,0.16667,0.28571,0.31765,0.12037,0.25806,0,0.35841,0.3427,0.23333,1,8.16,4.87,36,173.99,43.4975,574.31,n_lepi,0.388888888888889,43.4975,966
AEG6,n_lepi_AEG06,ALB,AEG06,14,3,AEG44,0.38889,0.43333,0.16667,0.28571,0.31765,0.12037,0.25806,0,0.35841,0.3427,0.23333,1,6.4,12.67,38,210.11,52.5275,574.31,n_lepi,0.388888888888889,52.5275,966
AEG7,n_lepi_AEG07,ALB,AEG07,6,1,AEG23,0.11111,0.43333,0,0.28571,0,0.18571,0.20645,0,1,0.36939,0.46667,0.5,9.1,18.05,18,15.75,3.9375,387.39,n_lepi,0.111111111111111,3.9375,966
AEG8,n_lepi_AEG08,ALB,AEG08,14,2,AEG44,0.38889,0.43333,0.16667,0.28571,0.31765,0.12037,0.25806,0,0.35841,0.3427,0.23333,1,8.1,6.54,26,21.36,5.34,489.41,n_lepi,0.388888888888889,5.34,966
AEG9,n_lepi_AEG09,ALB,AEG09,12,1,AEG09,1,0.9,1,0.85714,0.65882,0.67241,0.89032,0.5,0.35467,0.7213,0.26667,1,12.39,23.69,18,631.82,157.955,-401.34,n_lepi,1,157.955,966
AEG11,n_lepi_AEG11,ALB,AEG11,14,3,AEG44,0.38889,0.43333,0.16667,0.28571,0.31765,0.12037,0.25806,0,0.35841,0.3427,0.23333,1,5.61,8.87,35,155.93,38.9825,574.31,n_lepi,0.388888888888889,38.9825,966
AEG12,n_lepi_AEG12,ALB,AEG12,6,1,AEG23,0.11111,0.43333,0,0.28571,0,0.18571,0.20645,0,1,0.36939,0.46667,0.5,14.75,8.5,22,17.92,4.48,440.71,n_lepi,0.111111111111111,4.48,966
AEG13,n_lepi_AEG13,ALB,AEG13,15,2,AEG14,0.27778,0.13333,0,0.28571,0.06659,0.05856,0.24516,0,0.95847,0.89153,1,0,6.74,12.49,33,41.22,10.305,644.47,n_lepi,0.277777777777778,10.305,966
AEG14,n_lepi_AEG14,ALB,AEG14,14,2,AEG44,0.38889,0.43333,0.16667,0.28571,0.31765,0.12037,0.25806,0,0.35841,0.3427,0.23333,1,5.64,10.74,25,38.08,9.52,459.97,n_lepi,0.388888888888889,9.52,966
AEG15,n_lepi_AEG15,ALB,AEG15,15,2,AEG14,0.27778,0.13333,0,0.28571,0.06659,0.05856,0.24516,0,0.95847,0.89153,1,0,3.78,11.94,33,41.22,10.305,644.47,n_lepi,0.277777777777778,10.305,966
AEG17,n_lepi_AEG17,ALB,AEG17,14,2,AEG44,0.38889,0.43333,0.16667,0.28571,0.31765,0.12037,0.25806,0,0.35841,0.3427,0.23333,1,1.98,10.02,29,5.43,1.3575,574.31,n_lepi,0.388888888888889,1.3575,966
AEG18,n_lepi_AEG18,ALB,AEG18,6,1,AEG23,0.11111,0.43333,0,0.28571,0,0.18571,0.20645,0,1,0.36939,0.46667,0.5,3.5,6.57,20,16.85,4.2125,414.45,n_lepi,0.111111111111111,4.2125,966
AEG19,n_lepi_AEG19,ALB,AEG19,14,2,AEG44,0.38889,0.43333,0.16667,0.28571,0.31765,0.12037,0.25806,0,0.35841,0.3427,0.23333,1,5.13,10.69,29,5.43,1.3575,574.31,n_lepi,0.388888888888889,1.3575,966
AEG20,n_lepi_AEG20,ALB,AEG20,14,2,AEG44,0.38889,0.43333,0.16667,0.28571,0.31765,0.12037,0.25806,0,0.35841,0.3427,0.23333,1,2.19,26.93,27,0,0,518.44,n_lepi,0.388888888888889,0,966
AEG21,n_lepi_AEG21,ALB,AEG21,14,2,AEG44,0.38889,0.43333,0.16667,0.28571,0.31765,0.12037,0.25806,0,0.35841,0.3427,0.23333,1,2.93,5.28,28,6.19,1.5475,547.05,n_lepi,0.388888888888889,1.5475,966
AEG22,n_lepi_AEG22,ALB,AEG22,14,2,AEG44,0.38889,0.43333,0.16667,0.28571,0.31765,0.12037,0.25806,0,0.35841,0.3427,0.23333,1,4.84,14.89,30,31.92,7.98,574.31,n_lepi,0.388888888888889,7.98,966
AEG24,n_lepi_AEG24,ALB,AEG24,15,2,AEG14,0.27778,0.13333,0,0.28571,0.06659,0.05856,0.24516,0,0.95847,0.89153,1,0,1.88,4.86,32,40.18,10.045,619.02,n_lepi,0.277777777777778,10.045,966
AEG25,n_lepi_AEG25,ALB,AEG25,15,2,AEG14,0.27778,0.13333,0,0.28571,0.06659,0.05856,0.24516,0,0.95847,0.89153,1,0,22.06,17.17,34,42.6,10.65,669.58,n_lepi,0.277777777777778,10.65,966
AEG26,n_lepi_AEG26,ALB,AEG26,12,1,AEG47,0.83333,0.83333,0.83333,0.42857,0.65882,0.57778,1,0,0.64851,0.66035,0,1,1.4,23.34,19,647.77,161.9425,-380.8,n_lepi,0.833333333333333,161.9425,966
AEG27,n_lepi_AEG27,ALB,AEG27,6,1,AEG23,0.11111,0.43333,0,0.28571,0,0.18571,0.20645,0,1,0.36939,0.46667,0.5,2.21,10.49,17,15.19,3.7975,373.56,n_lepi,0.111111111111111,3.7975,966
AEG30,n_lepi_AEG30,ALB,AEG30,15,2,AEG14,0.27778,0.13333,0,0.28571,0.06659,0.05856,0.24516,0,0.95847,0.89153,1,0,1.37,11.29,32,40.18,10.045,619.02,n_lepi,0.277777777777778,10.045,966
AEG31,n_lepi_AEG31,ALB,AEG31,6,1,AEG23,0.11111,0.43333,0,0.28571,0,0.18571,0.20645,0,1,0.36939,0.46667,0.5,4.28,14.27,22,17.92,4.48,440.71,n_lepi,0.111111111111111,4.48,966
AEG36,n_lepi_AEG36,ALB,AEG36,14,2,AEG44,0.38889,0.43333,0.16667,0.28571,0.31765,0.12037,0.25806,0,0.35841,0.3427,0.23333,1,9.64,6.45,30,31.92,7.98,574.31,n_lepi,0.388888888888889,7.98,966
AEG37,n_lepi_AEG37,ALB,AEG37,5,2,AEG38,0.22222,0.33333,0.16667,0.14286,0.20392,0.12037,0.18065,0,0.51751,0.64879,0.46667,0.5,3.93,17.6,27,3.47,0.8675,523.29,n_lepi,0.222222222222222,0.8675,966
AEG38,n_lepi_AEG38,ALB,AEG38,14,3,AEG44,0.38889,0.43333,0.16667,0.28571,0.31765,0.12037,0.25806,0,0.35841,0.3427,0.23333,1,1.28,3.02,43,300.41,75.1025,574.31,n_lepi,0.388888888888889,75.1025,966
AEG39,n_lepi_AEG39,ALB,AEG39,14,2,AEG44,0.38889,0.43333,0.16667,0.28571,0.31765,0.12037,0.25806,0,0.35841,0.3427,0.23333,1,5.55,10.74,29,5.43,1.3575,574.31,n_lepi,0.388888888888889,1.3575,966
AEG40,n_lepi_AEG40,ALB,AEG40,14,2,AEG44,0.38889,0.43333,0.16667,0.28571,0.31765,0.12037,0.25806,0,0.35841,0.3427,0.23333,1,0.88,13.89,28,6.19,1.5475,547.05,n_lepi,0.388888888888889,1.5475,966
AEG41,n_lepi_AEG41,ALB,AEG41,15,2,AEG14,0.27778,0.13333,0,0.28571,0.06659,0.05856,0.24516,0,0.95847,0.89153,1,0,5.39,14.55,31,39.46,9.865,593.25,n_lepi,0.277777777777778,9.865,966
AEG42,n_lepi_AEG42,ALB,AEG42,14,2,AEG44,0.38889,0.43333,0.16667,0.28571,0.31765,0.12037,0.25806,0,0.35841,0.3427,0.23333,1,2.54,19.53,30,31.92,7.98,574.31,n_lepi,0.388888888888889,7.98,966
AEG43,n_lepi_AEG43,ALB,AEG43,14,2,AEG44,0.38889,0.43333,0.16667,0.28571,0.31765,0.12037,0.25806,0,0.35841,0.3427,0.23333,1,0.7,14.02,28,6.19,1.5475,547.05,n_lepi,0.388888888888889,1.5475,966
AEG44,n_lepi_AEG44,ALB,AEG44,14,3,AEG44,0.38889,0.43333,0.16667,0.28571,0.31765,0.12037,0.25806,0,0.35841,0.3427,0.23333,1,1.16,24.71,36,170.63,42.6575,574.31,n_lepi,0.388888888888889,42.6575,966
AEG45,n_lepi_AEG45,ALB,AEG45,14,3,AEG44,0.38889,0.43333,0.16667,0.28571,0.31765,0.12037,0.25806,0,0.35841,0.3427,0.23333,1,1.55,7.55,40,246.23,61.5575,574.31,n_lepi,0.388888888888889,61.5575,966
AEG46,n_lepi_AEG46,ALB,AEG46,14,2,AEG44,0.38889,0.43333,0.16667,0.28571,0.31765,0.12037,0.25806,0,0.35841,0.3427,0.23333,1,5.44,14.48,30,31.92,7.98,574.31,n_lepi,0.388888888888889,7.98,966
AEG47,n_lepi_AEG47,ALB,AEG47,12,1,AEG47,0.83333,0.83333,0.83333,0.42857,0.65882,0.57778,1,0,0.64851,0.66035,0,1,7.68,29.89,16,538.3,134.575,-380.8,n_lepi,0.833333333333333,134.575,966
AEG48,n_lepi_AEG48,ALB,AEG48,6,1,AEG23,0.11111,0.43333,0,0.28571,0,0.18571,0.20645,0,1,0.36939,0.46667,0.5,7.68,18.05,18,15.75,3.9375,387.39,n_lepi,0.111111111111111,3.9375,966
AEG1,n_plant_AEG01,ALB,AEG01,14,2,AEG44,0.38889,0.43333,0.16667,0.28571,0.31765,0.12037,0.25806,0,0.35841,0.3427,0.23333,1,9.79,4.98,29,5.43,1.3575,574.31,n_plant,0.433333333333333,1.3575,969
AEG2,n_plant_AEG02,ALB,AEG02,14,2,AEG44,0.38889,0.43333,0.16667,0.28571,0.31765,0.12037,0.25806,0,0.35841,0.3427,0.23333,1,6.34,10.83,29,5.43,1.3575,574.31,n_plant,0.433333333333333,1.3575,969
AEG3,n_plant_AEG03,ALB,AEG03,14,2,AEG44,0.38889,0.43333,0.16667,0.28571,0.31765,0.12037,0.25806,0,0.35841,0.3427,0.23333,1,5.19,5.5,30,31.92,7.98,574.31,n_plant,0.433333333333333,7.98,969
AEG4,n_plant_AEG04,ALB,AEG04,4,3,AEG11,0,0.4,0,0.28571,0.02521,0.2549,0.05161,0,0.50679,0.20428,0.1,1,4.39,18.68,36,103.74,25.935,644.56,n_plant,0.4,25.935,969
AEG5,n_plant_AEG05,ALB,AEG05,4,3,AEG11,0,0.4,0,0.28571,0.02521,0.2549,0.05161,0,0.50679,0.20428,0.1,1,8.16,4.87,36,103.74,25.935,644.56,n_plant,0.4,25.935,969
AEG6,n_plant_AEG06,ALB,AEG06,4,3,AEG11,0,0.4,0,0.28571,0.02521,0.2549,0.05161,0,0.50679,0.20428,0.1,1,6.4,12.67,38,125.23,31.3075,659.19,n_plant,0.4,31.3075,969
AEG7,n_plant_AEG07,ALB,AEG07,6,1,AEG23,0.11111,0.43333,0,0.28571,0,0.18571,0.20645,0,1,0.36939,0.46667,0.5,9.1,18.05,18,15.75,3.9375,387.39,n_plant,0.433333333333333,3.9375,969
AEG8,n_plant_AEG08,ALB,AEG08,6,2,AEG23,0.11111,0.43333,0,0.28571,0,0.18571,0.20645,0,1,0.36939,0.46667,0.5,8.1,6.54,26,19.96,4.99,490.82,n_plant,0.433333333333333,4.99,969
AEG9,n_plant_AEG09,ALB,AEG09,12,1,AEG09,1,0.9,1,0.85714,0.65882,0.67241,0.89032,0.5,0.35467,0.7213,0.26667,1,12.39,23.69,18,631.82,157.955,-401.34,n_plant,0.9,157.955,969
AEG11,n_plant_AEG11,ALB,AEG11,4,3,AEG11,0,0.4,0,0.28571,0.02521,0.2549,0.05161,0,0.50679,0.20428,0.1,1,5.61,8.87,35,93.53,23.3825,636.7,n_plant,0.4,23.3825,969
AEG12,n_plant_AEG12,ALB,AEG12,6,1,AEG23,0.11111,0.43333,0,0.28571,0,0.18571,0.20645,0,1,0.36939,0.46667,0.5,14.75,8.5,22,17.92,4.48,440.71,n_plant,0.433333333333333,4.48,969
AEG13,n_plant_AEG13,ALB,AEG13,14,2,AEG44,0.38889,0.43333,0.16667,0.28571,0.31765,0.12037,0.25806,0,0.35841,0.3427,0.23333,1,6.74,12.49,33,111.38,27.845,574.31,n_plant,0.433333333333333,27.845,969
AEG14,n_plant_AEG14,ALB,AEG14,6,2,AEG23,0.11111,0.43333,0,0.28571,0,0.18571,0.20645,0,1,0.36939,0.46667,0.5,5.64,10.74,25,19.46,4.865,478.59,n_plant,0.433333333333333,4.865,969
AEG15,n_plant_AEG15,ALB,AEG15,14,2,AEG44,0.38889,0.43333,0.16667,0.28571,0.31765,0.12037,0.25806,0,0.35841,0.3427,0.23333,1,3.78,11.94,33,111.38,27.845,574.31,n_plant,0.433333333333333,27.845,969
AEG17,n_plant_AEG17,ALB,AEG17,14,2,AEG44,0.38889,0.43333,0.16667,0.28571,0.31765,0.12037,0.25806,0,0.35841,0.3427,0.23333,1,1.98,10.02,29,5.43,1.3575,574.31,n_plant,0.433333333333333,1.3575,969
AEG18,n_plant_AEG18,ALB,AEG18,6,1,AEG23,0.11111,0.43333,0,0.28571,0,0.18571,0.20645,0,1,0.36939,0.46667,0.5,3.5,6.57,20,16.85,4.2125,414.45,n_plant,0.433333333333333,4.2125,969
AEG19,n_plant_AEG19,ALB,AEG19,14,2,AEG44,0.38889,0.43333,0.16667,0.28571,0.31765,0.12037,0.25806,0,0.35841,0.3427,0.23333,1,5.13,10.69,29,5.43,1.3575,574.31,n_plant,0.433333333333333,1.3575,969
AEG20,n_plant_AEG20,ALB,AEG20,14,2,AEG44,0.38889,0.43333,0.16667,0.28571,0.31765,0.12037,0.25806,0,0.35841,0.3427,0.23333,1,2.19,26.93,27,0,0,518.44,n_plant,0.433333333333333,0,969
AEG21,n_plant_AEG21,ALB,AEG21,14,2,AEG44,0.38889,0.43333,0.16667,0.28571,0.31765,0.12037,0.25806,0,0.35841,0.3427,0.23333,1,2.93,5.28,28,6.19,1.5475,547.05,n_plant,0.433333333333333,1.5475,969
AEG22,n_plant_AEG22,ALB,AEG22,14,2,AEG44,0.38889,0.43333,0.16667,0.28571,0.31765,0.12037,0.25806,0,0.35841,0.3427,0.23333,1,4.84,14.89,30,31.92,7.98,574.31,n_plant,0.433333333333333,7.98,969
AEG23,n_plant_AEG23,ALB,AEG23,4,3,AEG11,0,0.4,0,0.28571,0.02521,0.2549,0.05161,0,0.50679,0.20428,0.1,1,0.49,2.53,44,198.34,49.585,694.44,n_plant,0.4,49.585,969
AEG24,n_plant_AEG24,ALB,AEG24,14,2,AEG44,0.38889,0.43333,0.16667,0.28571,0.31765,0.12037,0.25806,0,0.35841,0.3427,0.23333,1,1.88,4.86,32,84.89,21.2225,574.31,n_plant,0.433333333333333,21.2225,969
AEG25,n_plant_AEG25,ALB,AEG25,6,2,AEG23,0.11111,0.43333,0,0.28571,0,0.18571,0.20645,0,1,0.36939,0.46667,0.5,22.06,17.17,34,130.78,32.695,581.39,n_plant,0.433333333333333,32.695,969
AEG26,n_plant_AEG26,ALB,AEG26,12,1,AEG47,0.83333,0.83333,0.83333,0.42857,0.65882,0.57778,1,0,0.64851,0.66035,0,1,1.4,23.34,19,647.77,161.9425,-380.8,n_plant,0.833333333333333,161.9425,969
AEG27,n_plant_AEG27,ALB,AEG27,6,1,AEG23,0.11111,0.43333,0,0.28571,0,0.18571,0.20645,0,1,0.36939,0.46667,0.5,2.21,10.49,17,15.19,3.7975,373.56,n_plant,0.433333333333333,3.7975,969
AEG30,n_plant_AEG30,ALB,AEG30,14,2,AEG44,0.38889,0.43333,0.16667,0.28571,0.31765,0.12037,0.25806,0,0.35841,0.3427,0.23333,1,1.37,11.29,32,84.89,21.2225,574.31,n_plant,0.433333333333333,21.2225,969
AEG31,n_plant_AEG31,ALB,AEG31,6,1,AEG23,0.11111,0.43333,0,0.28571,0,0.18571,0.20645,0,1,0.36939,0.46667,0.5,4.28,14.27,22,17.92,4.48,440.71,n_plant,0.433333333333333,4.48,969
AEG36,n_plant_AEG36,ALB,AEG36,14,2,AEG44,0.38889,0.43333,0.16667,0.28571,0.31765,0.12037,0.25806,0,0.35841,0.3427,0.23333,1,9.64,6.45,30,31.92,7.98,574.31,n_plant,0.433333333333333,7.98,969
AEG37,n_plant_AEG37,ALB,AEG37,5,2,AEG38,0.22222,0.33333,0.16667,0.14286,0.20392,0.12037,0.18065,0,0.51751,0.64879,0.46667,0.5,3.93,17.6,27,3.47,0.8675,523.29,n_plant,0.333333333333333,0.8675,969
AEG38,n_plant_AEG38,ALB,AEG38,4,3,AEG11,0,0.4,0,0.28571,0.02521,0.2549,0.05161,0,0.50679,0.20428,0.1,1,1.28,3.02,43,185.25,46.3125,689.47,n_plant,0.4,46.3125,969
AEG39,n_plant_AEG39,ALB,AEG39,14,2,AEG44,0.38889,0.43333,0.16667,0.28571,0.31765,0.12037,0.25806,0,0.35841,0.3427,0.23333,1,5.55,10.74,29,5.43,1.3575,574.31,n_plant,0.433333333333333,1.3575,969
AEG40,n_plant_AEG40,ALB,AEG40,14,2,AEG44,0.38889,0.43333,0.16667,0.28571,0.31765,0.12037,0.25806,0,0.35841,0.3427,0.23333,1,0.88,13.89,28,6.19,1.5475,547.05,n_plant,0.433333333333333,1.5475,969
AEG41,n_plant_AEG41,ALB,AEG41,14,2,AEG44,0.38889,0.43333,0.16667,0.28571,0.31765,0.12037,0.25806,0,0.35841,0.3427,0.23333,1,5.39,14.55,31,58.4,14.6,574.31,n_plant,0.433333333333333,14.6,969
AEG42,n_plant_AEG42,ALB,AEG42,14,2,AEG44,0.38889,0.43333,0.16667,0.28571,0.31765,0.12037,0.25806,0,0.35841,0.3427,0.23333,1,2.54,19.53,30,31.92,7.98,574.31,n_plant,0.433333333333333,7.98,969
AEG43,n_plant_AEG43,ALB,AEG43,14,2,AEG44,0.38889,0.43333,0.16667,0.28571,0.31765,0.12037,0.25806,0,0.35841,0.3427,0.23333,1,0.7,14.02,28,6.19,1.5475,547.05,n_plant,0.433333333333333,1.5475,969
AEG44,n_plant_AEG44,ALB,AEG44,14,3,AEG44,0.38889,0.43333,0.16667,0.28571,0.31765,0.12037,0.25806,0,0.35841,0.3427,0.23333,1,1.16,24.71,36,170.63,42.6575,574.31,n_plant,0.433333333333333,42.6575,969
AEG45,n_plant_AEG45,ALB,AEG45,4,3,AEG11,0,0.4,0,0.28571,0.02521,0.2549,0.05161,0,0.50679,0.20428,0.1,1,1.55,7.55,40,148.16,37.04,672.38,n_plant,0.4,37.04,969
AEG46,n_plant_AEG46,ALB,AEG46,14,2,AEG44,0.38889,0.43333,0.16667,0.28571,0.31765,0.12037,0.25806,0,0.35841,0.3427,0.23333,1,5.44,14.48,30,31.92,7.98,574.31,n_plant,0.433333333333333,7.98,969
AEG47,n_plant_AEG47,ALB,AEG47,12,1,AEG47,0.83333,0.83333,0.83333,0.42857,0.65882,0.57778,1,0,0.64851,0.66035,0,1,7.68,29.89,16,538.3,134.575,-380.8,n_plant,0.833333333333333,134.575,969
AEG48,n_plant_AEG48,ALB,AEG48,6,1,AEG23,0.11111,0.43333,0,0.28571,0,0.18571,0.20645,0,1,0.36939,0.46667,0.5,7.68,18.05,18,15.75,3.9375,387.39,n_plant,0.433333333333333,3.9375,969
AEG1,n_crop_pests_pa_AEG01,ALB,AEG01,14,2,AEG44,0.38889,0.43333,0.16667,0.28571,0.31765,0.12037,0.25806,0,0.35841,0.3427,0.23333,1,9.79,4.98,29,5.43,1.3575,574.31,n_crop_pests_pa,1,1.3575,976
AEG2,n_crop_pests_pa_AEG02,ALB,AEG02,14,2,AEG44,0.38889,0.43333,0.16667,0.28571,0.31765,0.12037,0.25806,0,0.35841,0.3427,0.23333,1,6.34,10.83,29,5.43,1.3575,574.31,n_crop_pests_pa,1,1.3575,976
AEG3,n_crop_pests_pa_AEG03,ALB,AEG03,14,2,AEG44,0.38889,0.43333,0.16667,0.28571,0.31765,0.12037,0.25806,0,0.35841,0.3427,0.23333,1,5.19,5.5,30,31.92,7.98,574.31,n_crop_pests_pa,1,7.98,976
AEG4,n_crop_pests_pa_AEG04,ALB,AEG04,4,3,AEG11,0,0.4,0,0.28571,0.02521,0.2549,0.05161,0,0.50679,0.20428,0.1,1,4.39,18.68,36,103.74,25.935,644.56,n_crop_pests_pa,1,25.935,976
AEG5,n_crop_pests_pa_AEG05,ALB,AEG05,4,3,AEG11,0,0.4,0,0.28571,0.02521,0.2549,0.05161,0,0.50679,0.20428,0.1,1,8.16,4.87,36,103.74,25.935,644.56,n_crop_pests_pa,1,25.935,976
AEG6,n_crop_pests_pa_AEG06,ALB,AEG06,4,3,AEG11,0,0.4,0,0.28571,0.02521,0.2549,0.05161,0,0.50679,0.20428,0.1,1,6.4,12.67,38,125.23,31.3075,659.19,n_crop_pests_pa,1,31.3075,976
AEG7,n_crop_pests_pa_AEG07,ALB,AEG07,6,1,AEG23,0.11111,0.43333,0,0.28571,0,0.18571,0.20645,0,1,0.36939,0.46667,0.5,9.1,18.05,18,15.75,3.9375,387.39,n_crop_pests_pa,0.5,3.9375,976
AEG8,n_crop_pests_pa_AEG08,ALB,AEG08,14,2,AEG44,0.38889,0.43333,0.16667,0.28571,0.31765,0.12037,0.25806,0,0.35841,0.3427,0.23333,1,8.1,6.54,26,21.36,5.34,489.41,n_crop_pests_pa,1,5.34,976
AEG9,n_crop_pests_pa_AEG09,ALB,AEG09,12,1,AEG09,1,0.9,1,0.85714,0.65882,0.67241,0.89032,0.5,0.35467,0.7213,0.26667,1,12.39,23.69,18,631.82,157.955,-401.34,n_crop_pests_pa,1,157.955,976
AEG11,n_crop_pests_pa_AEG11,ALB,AEG11,4,3,AEG11,0,0.4,0,0.28571,0.02521,0.2549,0.05161,0,0.50679,0.20428,0.1,1,5.61,8.87,35,93.53,23.3825,636.7,n_crop_pests_pa,1,23.3825,976
AEG12,n_crop_pests_pa_AEG12,ALB,AEG12,6,1,AEG23,0.11111,0.43333,0,0.28571,0,0.18571,0.20645,0,1,0.36939,0.46667,0.5,14.75,8.5,22,17.92,4.48,440.71,n_crop_pests_pa,0.5,4.48,976
AEG13,n_crop_pests_pa_AEG13,ALB,AEG13,14,2,AEG44,0.38889,0.43333,0.16667,0.28571,0.31765,0.12037,0.25806,0,0.35841,0.3427,0.23333,1,6.74,12.49,33,111.38,27.845,574.31,n_crop_pests_pa,1,27.845,976
AEG14,n_crop_pests_pa_AEG14,ALB,AEG14,14,2,AEG44,0.38889,0.43333,0.16667,0.28571,0.31765,0.12037,0.25806,0,0.35841,0.3427,0.23333,1,5.64,10.74,25,38.08,9.52,459.97,n_crop_pests_pa,1,9.52,976
AEG15,n_crop_pests_pa_AEG15,ALB,AEG15,14,2,AEG44,0.38889,0.43333,0.16667,0.28571,0.31765,0.12037,0.25806,0,0.35841,0.3427,0.23333,1,3.78,11.94,33,111.38,27.845,574.31,n_crop_pests_pa,1,27.845,976
AEG17,n_crop_pests_pa_AEG17,ALB,AEG17,14,2,AEG44,0.38889,0.43333,0.16667,0.28571,0.31765,0.12037,0.25806,0,0.35841,0.3427,0.23333,1,1.98,10.02,29,5.43,1.3575,574.31,n_crop_pests_pa,1,1.3575,976
AEG18,n_crop_pests_pa_AEG18,ALB,AEG18,6,1,AEG23,0.11111,0.43333,0,0.28571,0,0.18571,0.20645,0,1,0.36939,0.46667,0.5,3.5,6.57,20,16.85,4.2125,414.45,n_crop_pests_pa,0.5,4.2125,976
AEG19,n_crop_pests_pa_AEG19,ALB,AEG19,14,2,AEG44,0.38889,0.43333,0.16667,0.28571,0.31765,0.12037,0.25806,0,0.35841,0.3427,0.23333,1,5.13,10.69,29,5.43,1.3575,574.31,n_crop_pests_pa,1,1.3575,976
AEG20,n_crop_pests_pa_AEG20,ALB,AEG20,14,2,AEG44,0.38889,0.43333,0.16667,0.28571,0.31765,0.12037,0.25806,0,0.35841,0.3427,0.23333,1,2.19,26.93,27,0,0,518.44,n_crop_pests_pa,1,0,976
AEG21,n_crop_pests_pa_AEG21,ALB,AEG21,14,2,AEG44,0.38889,0.43333,0.16667,0.28571,0.31765,0.12037,0.25806,0,0.35841,0.3427,0.23333,1,2.93,5.28,28,6.19,1.5475,547.05,n_crop_pests_pa,1,1.5475,976
AEG22,n_crop_pests_pa_AEG22,ALB,AEG22,14,2,AEG44,0.38889,0.43333,0.16667,0.28571,0.31765,0.12037,0.25806,0,0.35841,0.3427,0.23333,1,4.84,14.89,30,31.92,7.98,574.31,n_crop_pests_pa,1,7.98,976
AEG23,n_crop_pests_pa_AEG23,ALB,AEG23,4,3,AEG11,0,0.4,0,0.28571,0.02521,0.2549,0.05161,0,0.50679,0.20428,0.1,1,0.49,2.53,44,198.34,49.585,694.44,n_crop_pests_pa,1,49.585,976
AEG24,n_crop_pests_pa_AEG24,ALB,AEG24,14,2,AEG44,0.38889,0.43333,0.16667,0.28571,0.31765,0.12037,0.25806,0,0.35841,0.3427,0.23333,1,1.88,4.86,32,84.89,21.2225,574.31,n_crop_pests_pa,1,21.2225,976
AEG25,n_crop_pests_pa_AEG25,ALB,AEG25,14,2,AEG44,0.38889,0.43333,0.16667,0.28571,0.31765,0.12037,0.25806,0,0.35841,0.3427,0.23333,1,22.06,17.17,34,137.87,34.4675,574.31,n_crop_pests_pa,1,34.4675,976
AEG26,n_crop_pests_pa_AEG26,ALB,AEG26,12,1,AEG47,0.83333,0.83333,0.83333,0.42857,0.65882,0.57778,1,0,0.64851,0.66035,0,1,1.4,23.34,19,647.77,161.9425,-380.8,n_crop_pests_pa,1,161.9425,976
AEG27,n_crop_pests_pa_AEG27,ALB,AEG27,6,1,AEG23,0.11111,0.43333,0,0.28571,0,0.18571,0.20645,0,1,0.36939,0.46667,0.5,2.21,10.49,17,15.19,3.7975,373.56,n_crop_pests_pa,0.5,3.7975,976
AEG30,n_crop_pests_pa_AEG30,ALB,AEG30,14,2,AEG44,0.38889,0.43333,0.16667,0.28571,0.31765,0.12037,0.25806,0,0.35841,0.3427,0.23333,1,1.37,11.29,32,84.89,21.2225,574.31,n_crop_pests_pa,1,21.2225,976
AEG31,n_crop_pests_pa_AEG31,ALB,AEG31,6,1,AEG23,0.11111,0.43333,0,0.28571,0,0.18571,0.20645,0,1,0.36939,0.46667,0.5,4.28,14.27,22,17.92,4.48,440.71,n_crop_pests_pa,0.5,4.48,976
AEG36,n_crop_pests_pa_AEG36,ALB,AEG36,14,2,AEG44,0.38889,0.43333,0.16667,0.28571,0.31765,0.12037,0.25806,0,0.35841,0.3427,0.23333,1,9.64,6.45,30,31.92,7.98,574.31,n_crop_pests_pa,1,7.98,976
AEG37,n_crop_pests_pa_AEG37,ALB,AEG37,5,2,AEG38,0.22222,0.33333,0.16667,0.14286,0.20392,0.12037,0.18065,0,0.51751,0.64879,0.46667,0.5,3.93,17.6,27,3.47,0.8675,523.29,n_crop_pests_pa,0.5,0.8675,976
AEG38,n_crop_pests_pa_AEG38,ALB,AEG38,4,3,AEG11,0,0.4,0,0.28571,0.02521,0.2549,0.05161,0,0.50679,0.20428,0.1,1,1.28,3.02,43,185.25,46.3125,689.47,n_crop_pests_pa,1,46.3125,976
AEG39,n_crop_pests_pa_AEG39,ALB,AEG39,14,2,AEG44,0.38889,0.43333,0.16667,0.28571,0.31765,0.12037,0.25806,0,0.35841,0.3427,0.23333,1,5.55,10.74,29,5.43,1.3575,574.31,n_crop_pests_pa,1,1.3575,976
AEG40,n_crop_pests_pa_AEG40,ALB,AEG40,14,2,AEG44,0.38889,0.43333,0.16667,0.28571,0.31765,0.12037,0.25806,0,0.35841,0.3427,0.23333,1,0.88,13.89,28,6.19,1.5475,547.05,n_crop_pests_pa,1,1.5475,976
AEG41,n_crop_pests_pa_AEG41,ALB,AEG41,14,2,AEG44,0.38889,0.43333,0.16667,0.28571,0.31765,0.12037,0.25806,0,0.35841,0.3427,0.23333,1,5.39,14.55,31,58.4,14.6,574.31,n_crop_pests_pa,1,14.6,976
AEG42,n_crop_pests_pa_AEG42,ALB,AEG42,14,2,AEG44,0.38889,0.43333,0.16667,0.28571,0.31765,0.12037,0.25806,0,0.35841,0.3427,0.23333,1,2.54,19.53,30,31.92,7.98,574.31,n_crop_pests_pa,1,7.98,976
AEG43,n_crop_pests_pa_AEG43,ALB,AEG43,14,2,AEG44,0.38889,0.43333,0.16667,0.28571,0.31765,0.12037,0.25806,0,0.35841,0.3427,0.23333,1,0.7,14.02,28,6.19,1.5475,547.05,n_crop_pests_pa,1,1.5475,976
AEG44,n_crop_pests_pa_AEG44,ALB,AEG44,14,3,AEG44,0.38889,0.43333,0.16667,0.28571,0.31765,0.12037,0.25806,0,0.35841,0.3427,0.23333,1,1.16,24.71,36,170.63,42.6575,574.31,n_crop_pests_pa,1,42.6575,976
AEG45,n_crop_pests_pa_AEG45,ALB,AEG45,4,3,AEG11,0,0.4,0,0.28571,0.02521,0.2549,0.05161,0,0.50679,0.20428,0.1,1,1.55,7.55,40,148.16,37.04,672.38,n_crop_pests_pa,1,37.04,976
AEG46,n_crop_pests_pa_AEG46,ALB,AEG46,14,2,AEG44,0.38889,0.43333,0.16667,0.28571,0.31765,0.12037,0.25806,0,0.35841,0.3427,0.23333,1,5.44,14.48,30,31.92,7.98,574.31,n_crop_pests_pa,1,7.98,976
AEG47,n_crop_pests_pa_AEG47,ALB,AEG47,12,1,AEG47,0.83333,0.83333,0.83333,0.42857,0.65882,0.57778,1,0,0.64851,0.66035,0,1,7.68,29.89,16,538.3,134.575,-380.8,n_crop_pests_pa,1,134.575,976
AEG48,n_crop_pests_pa_AEG48,ALB,AEG48,6,1,AEG23,0.11111,0.43333,0,0.28571,0,0.18571,0.20645,0,1,0.36939,0.46667,0.5,7.68,18.05,18,15.75,3.9375,387.39,n_crop_pests_pa,0.5,3.9375,976
AEG1,n_red_list_lepi_pa_AEG01,ALB,AEG01,14,2,AEG44,0.38889,0.43333,0.16667,0.28571,0.31765,0.12037,0.25806,0,0.35841,0.3427,0.23333,1,9.79,4.98,29,5.43,1.3575,574.31,n_red_list_lepi_pa,0.166666666666667,1.3575,988
AEG2,n_red_list_lepi_pa_AEG02,ALB,AEG02,14,2,AEG44,0.38889,0.43333,0.16667,0.28571,0.31765,0.12037,0.25806,0,0.35841,0.3427,0.23333,1,6.34,10.83,29,5.43,1.3575,574.31,n_red_list_lepi_pa,0.166666666666667,1.3575,988
AEG3,n_red_list_lepi_pa_AEG03,ALB,AEG03,14,2,AEG44,0.38889,0.43333,0.16667,0.28571,0.31765,0.12037,0.25806,0,0.35841,0.3427,0.23333,1,5.19,5.5,30,31.92,7.98,574.31,n_red_list_lepi_pa,0.166666666666667,7.98,988
AEG4,n_red_list_lepi_pa_AEG04,ALB,AEG04,5,3,AEG38,0.22222,0.33333,0.16667,0.14286,0.20392,0.12037,0.18065,0,0.51751,0.64879,0.46667,0.5,4.39,18.68,36,123.7,30.925,624.59,n_red_list_lepi_pa,0.166666666666667,30.925,988
AEG5,n_red_list_lepi_pa_AEG05,ALB,AEG05,5,3,AEG38,0.22222,0.33333,0.16667,0.14286,0.20392,0.12037,0.18065,0,0.51751,0.64879,0.46667,0.5,8.16,4.87,36,123.7,30.925,624.59,n_red_list_lepi_pa,0.166666666666667,30.925,988
AEG6,n_red_list_lepi_pa_AEG06,ALB,AEG06,5,3,AEG38,0.22222,0.33333,0.16667,0.14286,0.20392,0.12037,0.18065,0,0.51751,0.64879,0.46667,0.5,6.4,12.67,38,140.96,35.24,643.46,n_red_list_lepi_pa,0.166666666666667,35.24,988
AEG7,n_red_list_lepi_pa_AEG07,ALB,AEG07,9,1,AEG22,0.55556,0.6,0.41667,0.28571,0.31765,0.48925,0.58065,0,0.65439,0.64125,0.5,0.5,9.1,18.05,18,135.97,33.9925,267.17,n_red_list_lepi_pa,0.416666666666667,33.9925,988
AEG8,n_red_list_lepi_pa_AEG08,ALB,AEG08,14,2,AEG44,0.38889,0.43333,0.16667,0.28571,0.31765,0.12037,0.25806,0,0.35841,0.3427,0.23333,1,8.1,6.54,26,21.36,5.34,489.41,n_red_list_lepi_pa,0.166666666666667,5.34,988
AEG9,n_red_list_lepi_pa_AEG09,ALB,AEG09,12,1,AEG09,1,0.9,1,0.85714,0.65882,0.67241,0.89032,0.5,0.35467,0.7213,0.26667,1,12.39,23.69,18,631.82,157.955,-401.34,n_red_list_lepi_pa,1,157.955,988
AEG11,n_red_list_lepi_pa_AEG11,ALB,AEG11,5,3,AEG38,0.22222,0.33333,0.16667,0.14286,0.20392,0.12037,0.18065,0,0.51751,0.64879,0.46667,0.5,5.61,8.87,35,115.34,28.835,614.9,n_red_list_lepi_pa,0.166666666666667,28.835,988
AEG12,n_red_list_lepi_pa_AEG12,ALB,AEG12,9,1,AEG22,0.55556,0.6,0.41667,0.28571,0.31765,0.48925,0.58065,0,0.65439,0.64125,0.5,0.5,14.75,8.5,22,154.68,38.67,303.95,n_red_list_lepi_pa,0.416666666666667,38.67,988
AEG13,n_red_list_lepi_pa_AEG13,ALB,AEG13,5,2,AEG38,0.22222,0.33333,0.16667,0.14286,0.20392,0.12037,0.18065,0,0.51751,0.64879,0.46667,0.5,6.74,12.49,33,91.7,22.925,593.98,n_red_list_lepi_pa,0.166666666666667,22.925,988
AEG14,n_red_list_lepi_pa_AEG14,ALB,AEG14,14,2,AEG44,0.38889,0.43333,0.16667,0.28571,0.31765,0.12037,0.25806,0,0.35841,0.3427,0.23333,1,5.64,10.74,25,38.08,9.52,459.97,n_red_list_lepi_pa,0.166666666666667,9.52,988
AEG15,n_red_list_lepi_pa_AEG15,ALB,AEG15,5,2,AEG38,0.22222,0.33333,0.16667,0.14286,0.20392,0.12037,0.18065,0,0.51751,0.64879,0.46667,0.5,3.78,11.94,33,91.7,22.925,593.98,n_red_list_lepi_pa,0.166666666666667,22.925,988
AEG17,n_red_list_lepi_pa_AEG17,ALB,AEG17,14,2,AEG44,0.38889,0.43333,0.16667,0.28571,0.31765,0.12037,0.25806,0,0.35841,0.3427,0.23333,1,1.98,10.02,29,5.43,1.3575,574.31,n_red_list_lepi_pa,0.166666666666667,1.3575,988
AEG18,n_red_list_lepi_pa_AEG18,ALB,AEG18,9,1,AEG22,0.55556,0.6,0.41667,0.28571,0.31765,0.48925,0.58065,0,0.65439,0.64125,0.5,0.5,3.5,6.57,20,145.47,36.3675,285.84,n_red_list_lepi_pa,0.416666666666667,36.3675,988
AEG19,n_red_list_lepi_pa_AEG19,ALB,AEG19,14,2,AEG44,0.38889,0.43333,0.16667,0.28571,0.31765,0.12037,0.25806,0,0.35841,0.3427,0.23333,1,5.13,10.69,29,5.43,1.3575,574.31,n_red_list_lepi_pa,0.166666666666667,1.3575,988
AEG20,n_red_list_lepi_pa_AEG20,ALB,AEG20,14,2,AEG44,0.38889,0.43333,0.16667,0.28571,0.31765,0.12037,0.25806,0,0.35841,0.3427,0.23333,1,2.19,26.93,27,0,0,518.44,n_red_list_lepi_pa,0.166666666666667,0,988
AEG21,n_red_list_lepi_pa_AEG21,ALB,AEG21,14,2,AEG44,0.38889,0.43333,0.16667,0.28571,0.31765,0.12037,0.25806,0,0.35841,0.3427,0.23333,1,2.93,5.28,28,6.19,1.5475,547.05,n_red_list_lepi_pa,0.166666666666667,1.5475,988
AEG22,n_red_list_lepi_pa_AEG22,ALB,AEG22,14,2,AEG44,0.38889,0.43333,0.16667,0.28571,0.31765,0.12037,0.25806,0,0.35841,0.3427,0.23333,1,4.84,14.89,30,31.92,7.98,574.31,n_red_list_lepi_pa,0.166666666666667,7.98,988
AEG24,n_red_list_lepi_pa_AEG24,ALB,AEG24,5,2,AEG38,0.22222,0.33333,0.16667,0.14286,0.20392,0.12037,0.18065,0,0.51751,0.64879,0.46667,0.5,1.88,4.86,32,76.48,19.12,582.72,n_red_list_lepi_pa,0.166666666666667,19.12,988
AEG25,n_red_list_lepi_pa_AEG25,ALB,AEG25,5,2,AEG38,0.22222,0.33333,0.16667,0.14286,0.20392,0.12037,0.18065,0,0.51751,0.64879,0.46667,0.5,22.06,17.17,34,107.14,26.785,605.03,n_red_list_lepi_pa,0.166666666666667,26.785,988
AEG26,n_red_list_lepi_pa_AEG26,ALB,AEG26,12,1,AEG47,0.83333,0.83333,0.83333,0.42857,0.65882,0.57778,1,0,0.64851,0.66035,0,1,1.4,23.34,19,647.77,161.9425,-380.8,n_red_list_lepi_pa,0.833333333333333,161.9425,988
AEG27,n_red_list_lepi_pa_AEG27,ALB,AEG27,9,1,AEG22,0.55556,0.6,0.41667,0.28571,0.31765,0.48925,0.58065,0,0.65439,0.64125,0.5,0.5,2.21,10.49,17,131.11,32.7775,257.63,n_red_list_lepi_pa,0.416666666666667,32.7775,988
AEG30,n_red_list_lepi_pa_AEG30,ALB,AEG30,5,2,AEG38,0.22222,0.33333,0.16667,0.14286,0.20392,0.12037,0.18065,0,0.51751,0.64879,0.46667,0.5,1.37,11.29,32,76.48,19.12,582.72,n_red_list_lepi_pa,0.166666666666667,19.12,988
AEG31,n_red_list_lepi_pa_AEG31,ALB,AEG31,9,1,AEG22,0.55556,0.6,0.41667,0.28571,0.31765,0.48925,0.58065,0,0.65439,0.64125,0.5,0.5,4.28,14.27,22,154.68,38.67,303.95,n_red_list_lepi_pa,0.416666666666667,38.67,988
AEG36,n_red_list_lepi_pa_AEG36,ALB,AEG36,14,2,AEG44,0.38889,0.43333,0.16667,0.28571,0.31765,0.12037,0.25806,0,0.35841,0.3427,0.23333,1,9.64,6.45,30,31.92,7.98,574.31,n_red_list_lepi_pa,0.166666666666667,7.98,988
AEG37,n_red_list_lepi_pa_AEG37,ALB,AEG37,5,2,AEG38,0.22222,0.33333,0.16667,0.14286,0.20392,0.12037,0.18065,0,0.51751,0.64879,0.46667,0.5,3.93,17.6,27,3.47,0.8675,523.29,n_red_list_lepi_pa,0.166666666666667,0.8675,988
AEG39,n_red_list_lepi_pa_AEG39,ALB,AEG39,14,2,AEG44,0.38889,0.43333,0.16667,0.28571,0.31765,0.12037,0.25806,0,0.35841,0.3427,0.23333,1,5.55,10.74,29,5.43,1.3575,574.31,n_red_list_lepi_pa,0.166666666666667,1.3575,988
AEG40,n_red_list_lepi_pa_AEG40,ALB,AEG40,14,2,AEG44,0.38889,0.43333,0.16667,0.28571,0.31765,0.12037,0.25806,0,0.35841,0.3427,0.23333,1,0.88,13.89,28,6.19,1.5475,547.05,n_red_list_lepi_pa,0.166666666666667,1.5475,988
AEG41,n_red_list_lepi_pa_AEG41,ALB,AEG41,14,2,AEG44,0.38889,0.43333,0.16667,0.28571,0.31765,0.12037,0.25806,0,0.35841,0.3427,0.23333,1,5.39,14.55,31,58.4,14.6,574.31,n_red_list_lepi_pa,0.166666666666667,14.6,988
AEG42,n_red_list_lepi_pa_AEG42,ALB,AEG42,14,2,AEG44,0.38889,0.43333,0.16667,0.28571,0.31765,0.12037,0.25806,0,0.35841,0.3427,0.23333,1,2.54,19.53,30,31.92,7.98,574.31,n_red_list_lepi_pa,0.166666666666667,7.98,988
AEG43,n_red_list_lepi_pa_AEG43,ALB,AEG43,14,2,AEG44,0.38889,0.43333,0.16667,0.28571,0.31765,0.12037,0.25806,0,0.35841,0.3427,0.23333,1,0.7,14.02,28,6.19,1.5475,547.05,n_red_list_lepi_pa,0.166666666666667,1.5475,988
AEG46,n_red_list_lepi_pa_AEG46,ALB,AEG46,14,2,AEG44,0.38889,0.43333,0.16667,0.28571,0.31765,0.12037,0.25806,0,0.35841,0.3427,0.23333,1,5.44,14.48,30,31.92,7.98,574.31,n_red_list_lepi_pa,0.166666666666667,7.98,988
AEG47,n_red_list_lepi_pa_AEG47,ALB,AEG47,12,1,AEG47,0.83333,0.83333,0.83333,0.42857,0.65882,0.57778,1,0,0.64851,0.66035,0,1,7.68,29.89,16,538.3,134.575,-380.8,n_red_list_lepi_pa,0.833333333333333,134.575,988
AEG48,n_red_list_lepi_pa_AEG48,ALB,AEG48,9,1,AEG22,0.55556,0.6,0.41667,0.28571,0.31765,0.48925,0.58065,0,0.65439,0.64125,0.5,0.5,7.68,18.05,18,135.97,33.9925,267.17,n_red_list_lepi_pa,0.416666666666667,33.9925,988
AEG9,n_unique_int_pa_AEG09,ALB,AEG09,12,1,AEG09,1,0.9,1,0.85714,0.65882,0.67241,0.89032,0.5,0.35467,0.7213,0.26667,1,12.39,23.69,18,631.82,157.955,-401.34,n_unique_int_pa,1,157.955,991
AEG20,n_unique_int_pa_AEG20,ALB,AEG20,12,2,AEG48,0.55556,0.56667,0.66667,1,0.86878,1,0.25806,1,0.09532,0.39658,0.23333,1,2.19,26.93,27,837.19,209.2975,-318.75,n_unique_int_pa,1,209.2975,991
AEG37,n_unique_int_pa_AEG37,ALB,AEG37,12,2,AEG48,0.55556,0.56667,0.66667,1,0.86878,1,0.25806,1,0.09532,0.39658,0.23333,1,3.93,17.6,27,845.51,211.3775,-318.75,n_unique_int_pa,1,211.3775,991
AEG42,n_unique_int_pa_AEG42,ALB,AEG42,12,2,AEG48,0.55556,0.56667,0.66667,1,0.86878,1,0.25806,1,0.09532,0.39658,0.23333,1,2.54,19.53,30,924.97,231.2425,-318.75,n_unique_int_pa,1,231.2425,991
AEG48,n_unique_int_pa_AEG48,ALB,AEG48,12,1,AEG48,0.55556,0.56667,0.66667,1,0.86878,1,0.25806,1,0.09532,0.39658,0.23333,1,7.68,18.05,18,721.89,180.4725,-318.75,n_unique_int_pa,1,180.4725,991
